#,6,21,33,16,4,23,35,14,2,0,28,9,26,30,11,7,20,32,17,5,22,34,15,3,24,36,13,1,37,27,10,25,29,12,8,19,31,18
1,1,1,,1,1,3,2,2,,,1,2,2,1,1,,,1,,2,1,2,,1,2,1,1,1,1,1,1,,1,,,2,2,
2,,,2,2,2,2,1,2,1,,2,1,1,2,,,,3,3,1,,,,,3,,1,,2,,,,1,1,2,2,1,
3,1,1,1,,3,2,,2,4,1,,1,4,,,1,2,2,1,1,,1,1,2,,,,1,,,1,1,,1,1,1,,1
4,3,1,,2,1,,1,,1,1,1,2,2,2,,,,1,,,,1,1,1,2,2,5,,,,,2,1,3,,2,,
5,,,,1,,3,,,1,1,2,1,,2,,,3,2,1,4,,,2,1,,2,1,1,2,1,,1,2,2,2,,,
6,1,1,,2,1,1,2,,1,3,,2,2,,1,2,,,1,,1,1,,1,,1,1,,2,3,1,2,2,1,1,1,,
7,,5,1,1,1,1,,1,,1,2,1,1,1,,,1,,1,3,3,3,2,2,,,1,1,1,1,2,,,1,,,,
8,,2,,1,,1,5,2,,1,1,1,,1,1,1,,2,1,2,,1,2,,,1,2,,,1,1,1,1,,1,3,2,
9,2,,2,,1,1,1,4,2,1,,2,1,2,1,1,3,,,,,1,1,,1,1,,1,2,,2,1,,1,,,1,2
10,1,1,2,,,,1,,2,1,1,4,,2,1,2,1,3,,1,1,1,2,1,,,1,1,1,,3,1,3,,,,,
11,2,2,2,,,,2,3,,1,1,1,1,,,1,2,3,2,,,2,,3,,1,1,2,1,,,,3,2,,,,
12,,2,2,1,1,,1,1,1,1,1,,2,,1,,4,,1,2,,,2,1,2,3,,1,,1,,2,,,2,,1,2
13,,,1,,1,3,,2,1,2,2,,1,1,2,,,1,3,1,,1,2,1,,2,1,,1,2,1,,,,3,1,2,
14,2,,1,3,1,4,1,,1,1,2,1,1,3,1,1,,2,,,,1,,1,1,1,,,,1,1,2,2,1,1,,1,
15,1,2,,3,3,1,1,2,,1,3,,,1,2,1,2,1,,1,,,2,1,,,1,,1,1,,1,,2,2,1,1,
16,3,3,,,4,,3,1,1,,1,,,,,,1,1,2,,1,2,2,1,2,,1,1,3,1,1,,,1,,,1,1
17,,1,4,1,,1,,,1,,1,1,1,,,1,1,1,2,2,1,,1,1,2,1,1,1,4,1,,2,,1,1,3,,
18,2,,,3,1,2,1,1,,,3,,,2,1,,1,,1,3,1,1,1,,1,1,1,2,1,,,1,,,2,2,1,2
19,1,1,,,,,,5,1,1,1,,4,,,,1,,3,3,1,,2,,2,,1,1,1,1,1,2,,1,,1,3,
20,2,,1,2,3,1,1,1,1,2,1,1,,2,3,2,1,,1,1,1,2,,1,,,,1,1,,,1,1,2,1,,1,
21,1,,1,,,2,1,1,,3,,3,1,2,,1,2,,1,2,,1,2,,1,2,2,1,,,1,1,,3,,1,1,1
22,1,1,3,,3,2,2,3,,,2,,,,,,,1,4,1,,1,1,2,,,,1,,1,1,2,3,,2,,,1
23,,3,1,3,,1,1,1,,,,2,1,,1,1,1,1,2,,2,1,,,2,,1,,1,2,1,,,,2,1,3,3
24,,1,,1,1,3,2,2,1,,2,2,1,,,,,,1,2,2,,,,2,1,1,3,,2,,,1,2,,1,3,1
25,1,1,,,2,,2,1,1,,3,1,1,1,,1,3,1,,1,,2,2,2,2,3,,,,2,,1,1,,1,1,1,
26,2,1,,1,1,,1,,2,1,2,2,,,,,1,1,,,4,,2,3,1,,1,1,2,,1,,1,3,2,1,,1
27,3,1,1,2,3,1,1,2,1,1,,1,,,1,1,,1,,2,1,,,2,,2,1,3,1,,1,1,,1,1,,2,
28,1,1,,1,,2,2,,1,3,1,2,1,,,2,,2,,,1,1,1,3,1,1,2,,1,2,,1,1,,2,1,1,
29,1,1,,1,,,4,1,,,1,2,,2,3,1,2,1,1,,1,2,,,,,2,1,1,,2,4,,,3,,1,
30,,2,2,,1,1,1,5,,,2,1,2,1,1,4,1,,,1,1,1,2,,,,,,,,1,,,3,2,1,1,1
31,,,1,2,,1,,2,,,3,1,,2,2,,,,1,1,3,,1,,2,4,4,1,1,1,,,,1,1,3,,
32,,3,,,,,1,1,,4,,,1,1,,2,2,2,1,1,1,,,1,1,,1,1,3,3,1,1,1,4,,1,,
33,,5,1,2,,2,,2,1,2,1,2,1,,1,2,1,1,,,1,2,1,,,,2,1,1,1,2,1,1,,,,,1
34,,3,2,3,,,1,1,1,,1,,1,2,,,,1,1,1,2,2,1,,,2,1,,2,2,2,2,,,2,2,,
35,,2,2,2,2,,1,,2,1,,2,1,2,1,1,1,2,,,,1,,2,5,,1,,,,2,,,2,1,1,,1
36,,3,3,2,1,1,2,1,,2,1,2,,1,2,,,,,2,4,,2,,,,3,,,1,1,2,2,,,,,
37,,,1,3,1,,3,,,,,1,1,2,1,,,,2,,2,,4,1,1,,2,1,,1,,1,1,3,1,1,3,1
38,1,,3,,,1,1,1,2,1,1,2,3,,,2,,1,1,,1,2,,,1,,,4,1,,1,3,1,1,1,1,,1
39,,,1,1,1,1,2,,3,1,,,,1,,2,,1,1,1,3,,,2,1,1,,1,1,,1,2,3,4,,,2,1
40,1,1,,1,,,,3,1,3,1,,1,1,1,,,,1,,,3,,,2,3,2,,2,2,,1,3,1,1,,1,2
41,,1,3,1,,2,,,,,,1,2,4,,,3,3,,1,,1,,2,,1,,,1,2,,1,,1,3,2,,3
42,3,1,2,5,1,,,1,2,1,,1,2,,1,,1,2,,,1,,,1,1,2,,,,1,,1,1,2,2,,2,1
43,1,1,,,1,3,1,2,4,2,1,1,2,,2,,,1,,,1,,,1,,2,1,2,2,1,1,,1,,2,,2,
44,,1,1,1,,2,1,,,1,1,,1,1,2,2,4,,,,4,,2,1,,,,1,2,,1,3,,,,1,3,2
45,,,,1,,1,2,,2,1,,,,2,,3,,1,3,,,1,1,1,2,1,2,,4,4,1,,1,2,,,1,1
46,,1,,1,,,,,2,3,,1,1,3,,1,2,2,2,1,,,3,2,,2,2,3,,1,,1,1,2,1,,,
47,,1,2,,1,,1,2,1,1,1,,1,1,,1,,2,2,1,4,,,,2,,2,2,2,3,,1,1,,,1,1,1
48,1,1,1,2,,2,,,2,2,2,1,3,1,3,,1,1,,2,1,,1,,1,,2,2,1,,,,1,,,1,3,
49,2,,,1,1,1,,1,,,4,2,2,,4,,1,1,1,,3,2,,1,1,,1,1,2,1,,,1,2,,1,1,
50,1,1,,1,,1,1,,1,1,1,,1,1,1,1,1,,4,3,1,,1,2,,2,,,1,,1,2,1,5,,2,,
51,,1,,,,,2,2,1,,1,1,1,2,1,1,1,2,1,1,,,3,1,1,2,1,2,1,,,1,1,1,,2,2,2
52,1,1,1,,,,,,2,,,1,2,3,2,,,,,1,1,3,1,,,3,2,,1,4,3,1,,,,1,4,
53,2,1,2,1,,1,,2,1,,1,1,,1,1,,1,3,,,1,1,3,2,2,3,,1,,1,,1,2,,,,1,2
54,1,1,1,3,,2,,,,2,1,,,2,,1,1,1,1,1,2,,1,2,3,2,,,1,1,1,1,,1,3,,1,1
55,2,1,2,3,3,1,,,2,,,2,2,2,1,,,,,2,,1,2,1,1,1,1,1,,,1,1,,,,1,3,1
56,3,,1,1,1,1,2,,1,1,1,1,2,3,1,2,,,2,,1,1,1,,1,1,1,1,1,,2,,1,,3,,1,
57,2,,2,1,1,3,1,,,,3,,,,,1,1,,,2,,1,2,1,,,1,,2,1,2,3,1,2,,2,1,2
58,2,1,2,2,1,1,2,,1,1,2,2,2,,,2,1,1,2,,,1,,,1,,1,1,1,1,1,1,,1,3,1,,
59,,3,,4,,1,2,2,1,2,1,2,,,1,1,2,1,1,1,,,1,1,3,2,1,3,,1,,,,,,,,1
60,,2,,,,,2,,,,1,1,3,3,3,1,,3,1,4,,1,,,,,,1,,3,3,,1,1,1,1,,2
61,1,2,,,1,3,1,2,,2,3,1,1,,,,1,,,2,1,,,1,1,2,2,2,,3,,,3,1,1,1,,
62,2,,1,,,2,1,,1,,1,,1,1,2,1,2,,1,1,,2,1,1,,2,,4,,,2,,2,1,3,1,1,1
63,,2,,1,,,1,1,1,3,,1,1,,2,1,1,2,2,3,1,1,,,,,4,,2,2,1,,1,,1,1,2,
64,,1,2,1,,2,2,1,,1,,,2,,1,2,1,,,,1,3,2,2,2,,1,2,,,,,3,,1,2,2,1
65,,1,1,3,1,1,2,1,,,,2,,1,3,,,2,,2,,1,2,1,1,,2,,1,,1,2,,2,2,1,,2
66,,3,,,,,1,1,4,,1,,,,1,1,,1,2,3,3,1,,1,1,2,2,,1,,,,,3,3,1,1,1
67,1,,2,1,1,3,1,1,,2,,1,,1,2,,1,1,1,,2,,1,2,1,3,,1,1,,2,2,1,,,,1,2
68,1,,5,,,1,,1,4,,,2,3,,1,2,3,,1,1,,1,1,2,1,,,,1,2,,,,1,1,1,,2
69,4,,,,2,2,,,1,3,3,,1,1,1,1,3,,2,2,1,,2,,,2,,1,1,1,,,2,1,,,1,
70,1,1,1,2,2,,2,2,3,,,,3,,1,,,,2,,,1,1,,3,1,,3,2,,2,2,,,,,1,2
71,2,1,1,2,1,,,2,2,,3,1,,2,1,1,,,,,1,,,1,,1,5,,1,1,2,1,1,1,2,,1,1
72,2,2,,,1,2,1,1,,3,1,2,,1,,,,,2,2,,2,,,1,1,2,1,,4,2,2,,,1,1,1,
73,1,1,,1,1,2,,1,,1,2,1,1,1,1,,,1,2,1,1,3,1,1,,,2,2,2,,,,2,1,2,1,1,1
74,1,2,1,1,2,2,,,,3,5,3,1,,,1,,,1,2,,1,1,,,,,2,,2,,,3,1,2,,1,
75,,1,1,,1,1,2,2,1,,1,,6,,,1,,1,,2,1,,1,2,1,1,2,1,,1,2,,2,,1,,1,2
76,2,1,2,1,,,1,1,2,1,2,1,2,1,,,,,1,1,1,1,2,,1,2,1,,1,1,,,1,2,1,2,1,2
77,2,1,1,2,1,1,2,,,3,1,,,,2,3,,,1,,,,2,1,,3,2,,,,,1,3,1,2,,1,2
78,1,,1,1,3,,,1,,2,2,1,,4,1,3,,,,2,3,1,1,1,,1,,,,1,1,1,,,2,3,1,
79,2,,1,1,1,1,1,,,2,1,1,2,2,2,,,,1,1,,1,2,,1,2,1,,,4,,,1,,2,2,3,
80,2,1,,,,1,2,3,,,1,,,,1,,4,2,1,3,,1,1,,1,,1,1,3,,1,,,2,3,1,1,1
81,,1,,1,,1,2,2,,1,4,,2,1,2,1,,1,1,2,1,,1,1,,1,3,,,1,1,1,1,2,,,1,2
82,1,3,2,2,1,1,2,1,1,1,2,1,1,,1,1,1,2,,,1,,,,3,,,,1,1,1,2,,,1,1,1,2
83,3,3,1,2,,,,,,,,1,,2,1,,1,2,1,,2,1,2,1,,1,1,2,2,,,1,4,1,2,,,1
84,1,3,2,,1,1,,,,2,1,,1,,,,2,2,2,2,2,,,,1,2,4,2,1,2,1,1,,1,,,,1
85,1,2,1,1,2,1,2,1,,,1,,,,2,1,,4,,1,2,2,3,,2,1,,,1,1,1,,,,1,1,1,2
86,2,1,,1,,,1,1,3,,,,,1,2,2,,1,,3,1,2,1,2,1,1,1,1,1,,1,,2,2,1,1,1,1
87,3,,1,3,,4,,1,,4,,,1,1,1,2,2,1,1,1,1,,1,1,1,,1,,2,1,,1,1,1,,,1,
88,,,3,,1,,,1,2,,1,,1,2,,1,2,,1,,3,,1,2,2,1,5,,2,1,1,1,1,,2,1,,
89,2,1,,1,1,1,1,,1,,1,1,2,2,,2,2,1,1,1,1,1,,1,,,,1,2,1,1,2,,,,2,2,3
90,2,3,2,1,1,,2,3,1,,1,,1,2,2,,1,1,,1,,3,1,1,2,1,,,,,1,,3,,,,,2
91,2,,1,1,,1,,3,1,1,,,1,2,,,3,1,1,1,1,1,1,1,,,,1,,,1,3,1,2,4,,1,2
92,1,3,,2,1,1,,1,,1,,2,1,1,3,1,3,,,,1,1,1,1,2,1,2,,1,,,2,2,,2,,,1
93,,2,2,2,1,6,,1,,2,,,2,1,,1,2,1,2,,1,,,,2,1,1,3,,1,,1,,1,,1,1,
94,1,1,1,1,1,1,,1,1,,,1,,,1,,,1,3,1,1,1,,2,3,1,,2,1,,4,1,,,1,,4,2
95,,3,,1,1,,,1,1,1,2,,,1,,1,2,,2,3,1,1,1,2,2,1,2,,,,2,,1,1,,1,1,3
96,1,3,,,1,3,,2,,1,,,8,1,,,,,1,,,2,,1,2,2,2,,,1,1,,2,,1,2,,1
97,2,,1,3,3,1,1,1,1,2,3,1,,,1,1,,,2,,,,2,,1,1,1,1,,1,1,1,,2,1,,3,
98,1,1,1,,,,1,1,,,3,1,3,3,,,,2,1,,1,1,1,,1,,,,2,3,1,3,,1,1,2,1,2
99,,,2,,2,,1,,1,1,,,1,1,4,,,1,2,2,,4,1,,1,,2,1,1,,2,3,1,1,,1,2,
100,2,,2,,,1,3,1,1,,1,1,2,,2,1,,1,,1,2,,3,,,1,2,,1,3,,1,1,,,1,2,2
101,1,,1,1,,1,,1,,1,,,,,1,3,,,1,,5,,3,,1,,3,1,3,1,,2,1,2,1,2,2,
102,,,,1,4,,,,3,1,3,4,1,2,,,1,1,2,1,,,2,2,,1,,1,1,,1,2,2,,,1,,1
103,2,2,2,,1,,2,1,,2,,,,,1,1,1,1,2,,1,2,,,2,1,,3,1,,2,1,1,,1,3,,2
104,,,1,,,1,2,,,,4,1,,2,2,1,,1,1,,2,2,2,,2,,1,1,1,1,1,,1,,2,2,3,1
105,1,,1,1,,,2,1,,1,,1,,1,,1,3,1,,,3,1,,1,1,1,2,1,3,2,,,3,,3,1,1,1
106,,2,2,,3,2,,,1,1,,,1,2,1,,3,1,,,2,1,1,2,1,1,,1,3,,,1,3,1,1,,1,
107,3,2,,1,,,,1,3,3,,,2,,,,,,2,1,,1,2,,1,2,,1,2,,3,,2,1,2,,1,2
108,,2,,1,,2,2,3,,,4,,1,1,1,3,,1,2,1,,,4,1,1,1,,,1,,,,3,,2,,,1
109,,1,,1,2,1,1,,,,,1,1,,1,2,1,,2,1,3,1,2,1,,1,2,,2,3,1,,2,,1,1,2,1
110,,1,1,1,,2,1,1,3,2,,1,1,,1,2,1,,,1,1,,,1,,3,1,1,,2,,2,2,3,1,1,,1
111,2,1,,4,2,,1,1,,,1,2,,5,3,,2,1,,2,,,1,,,,,,,1,1,3,2,2,,,,1
112,,1,,1,1,2,1,,1,2,2,,2,1,,1,2,1,1,1,1,2,2,,2,,1,1,,2,1,1,1,1,,1,1,1
113,,,1,3,1,1,1,,,1,2,1,,1,2,2,1,1,,1,,,2,2,,2,1,4,1,,,1,2,,1,1,2,
114,,,1,3,2,,1,1,1,,,2,1,1,2,2,1,,1,1,1,2,1,1,,,2,2,1,3,2,2,1,,,,,
115,3,2,1,1,,,,,1,1,,,1,,,,,1,,2,1,4,3,1,1,2,,1,2,,,2,2,,,,1,5
116,1,1,1,2,1,,2,1,,1,1,2,,3,,2,,,,,3,1,1,,,,,,1,1,1,3,2,2,1,3,,1
117,,,,2,,,4,,2,2,1,1,,1,,1,,1,1,,1,1,1,2,1,2,1,3,2,1,1,2,,,2,,1,1
118,1,1,1,1,1,2,2,,,1,,,1,,1,2,1,1,2,,2,1,1,,1,,2,2,,3,2,1,,1,2,2,,
119,2,,,2,3,1,2,4,2,1,,1,,,,1,1,2,,1,,1,,2,,,2,1,1,1,,,,1,3,1,1,1
120,2,1,1,1,1,,,2,2,,1,2,1,1,1,1,,1,,1,3,1,2,1,1,,1,2,1,,2,,2,1,,,1,1
121,1,1,1,,5,2,,1,3,1,,,3,,,1,1,1,,,,,1,,4,1,,2,,1,,1,,2,2,2,,1
122,,,2,1,,,1,2,,2,4,1,1,,,1,2,1,1,2,1,3,1,1,2,1,1,2,,,2,,,1,,,1,1
123,1,1,1,2,1,,1,3,3,,2,1,,1,1,2,,1,1,1,1,1,1,,2,1,1,,,,2,2,1,3,,,,
124,1,,1,,1,2,1,,3,2,1,1,2,1,,,,,2,,1,,2,,4,,2,,2,2,2,1,2,1,1,,,
125,,1,1,1,,,1,2,2,1,,,1,1,2,,,1,1,1,2,1,1,2,1,,2,1,1,3,1,,,2,2,1,,2
126,1,2,4,1,5,,,,1,,,,2,1,,1,1,1,1,2,,1,3,1,1,2,,,,2,,2,,1,,1,,1
127,1,2,,1,2,2,,,,1,1,1,1,1,3,,2,,1,,4,1,3,,1,1,1,2,,1,,2,1,1,,1,,
128,,1,,1,1,1,,1,3,2,2,2,,1,3,,1,,2,,1,,1,2,,1,2,,1,2,,2,1,1,,1,1,1
129,,1,1,1,,1,,1,,2,3,,1,2,,1,2,1,2,2,3,1,,1,1,1,1,1,1,,2,,,,1,2,2,
130,1,1,1,,,2,,1,1,2,,,1,1,2,,2,,,1,1,1,,2,1,1,3,,4,,1,3,1,,1,,3,
131,,1,1,1,4,2,,1,1,2,1,,1,3,,,1,,3,1,1,,,,,,1,,1,,3,1,2,1,2,1,2,
132,1,,2,1,2,,1,1,1,2,1,,,1,1,3,1,,1,,,2,1,2,1,1,1,1,,2,,3,,1,1,,1,2
133,,1,1,,1,,1,,1,,4,1,,,,2,1,2,4,,2,,2,,,2,2,1,1,1,,1,1,1,,3,,2
134,2,,1,,,3,1,,3,,1,1,2,,2,1,,1,,1,,,2,,2,1,1,1,,3,,1,,1,2,,3,2
135,,2,,,2,1,,1,1,2,1,,1,,,2,1,1,,1,1,1,2,2,,,,1,,,5,1,1,3,1,2,,2
136,1,,,2,1,1,1,1,1,1,2,,1,2,,,1,,5,2,,2,,1,,,2,,1,,1,4,1,1,,,1,2
137,2,,3,1,,1,1,,1,,2,1,3,1,,1,,2,2,,,2,,1,,,2,,,,1,4,3,,2,,1,1
138,1,3,1,2,,2,1,,1,,2,1,1,2,1,,1,1,1,,,2,,,,1,3,,,,1,3,,,1,,4,2
139,,2,2,,2,,,,,2,1,1,,,,1,,2,,2,,,,2,3,,3,4,3,2,1,1,1,2,,,1,
140,,1,1,1,,,1,2,,1,1,1,2,,,4,2,,1,,1,,1,1,2,,2,,,5,,2,1,2,2,,,1
141,2,1,1,,1,2,,1,1,2,1,2,1,,,,1,,,2,1,,2,,2,1,,1,,,1,1,3,2,1,2,2,1
142,1,2,2,,1,,2,2,1,,,4,,1,,2,1,,,2,1,,1,1,2,1,,,,3,2,,1,,1,2,2,
143,1,1,2,1,,2,1,2,1,1,1,,1,1,2,4,1,2,,1,1,1,,2,,,,2,,1,,2,,1,,,,3
144,1,1,1,,1,,,2,1,,2,,3,1,1,,2,,,2,2,1,1,,2,,1,1,1,1,,,2,2,2,,1,3
145,,3,5,1,1,2,,2,,,,2,1,3,1,,,1,2,1,1,,,,1,,2,,,,2,,,2,,1,3,1
146,,2,2,3,,,1,,1,1,,3,,,,1,1,1,,1,1,2,3,,3,2,,1,1,2,,3,2,,,1,,
147,,,1,1,3,1,2,2,,,2,,1,1,1,1,,1,1,2,2,,1,,1,1,1,1,3,,,,3,2,1,,1,1
148,1,1,,2,1,1,1,1,1,1,,,1,1,4,1,1,1,,1,,,,1,3,1,2,,3,1,1,,1,1,1,,,3
149,1,3,2,1,2,1,1,1,1,,,,2,,1,,,2,1,1,2,2,1,3,1,1,,,1,1,,1,1,1,1,,2,
150,,5,,3,1,2,1,,,1,,1,,1,2,,,3,,1,1,2,1,2,,1,1,1,2,2,,,1,1,1,1,,
151,2,1,1,,,3,,2,,2,2,1,,,,2,1,,,1,2,,1,1,3,2,1,1,1,,2,2,1,,,2,1,
152,1,1,1,2,,2,1,2,1,,1,2,1,,,,1,,,1,3,,,1,1,1,2,1,1,2,3,1,1,,1,1,,2
153,1,1,,,,1,1,,1,2,1,,2,1,2,2,1,4,1,1,,,1,,1,2,,2,2,,1,1,1,,1,3,,1
154,2,,1,3,1,1,,4,2,,3,,,2,1,,2,,1,1,,1,1,1,1,1,1,1,1,,,,2,2,,1,,1
155,,2,1,1,,2,3,3,2,1,1,1,1,1,1,,1,,,1,,,1,1,2,,,2,,1,,2,1,,3,2,,1
156,3,1,2,,1,,2,1,2,1,,2,,1,1,1,2,2,2,,1,,1,2,1,,,1,1,3,,,1,1,,1,,1
157,1,1,,,,2,2,1,,3,2,1,,1,2,,,1,1,,2,,1,3,2,1,,1,,1,1,,1,1,1,,3,2
158,1,1,1,,1,1,2,2,2,1,,,,1,2,1,1,2,,2,,1,1,3,,1,1,,1,,1,,,2,1,1,2,2
159,,2,1,,1,1,2,2,2,,2,1,4,,2,,,1,,2,1,1,,,1,,,3,1,2,1,,,,2,1,,2
160,2,,,1,1,,,1,1,,,2,,1,,3,2,2,,3,,1,1,2,2,,2,1,2,1,,1,1,,2,2,1,
161,,1,2,1,1,,,,,1,,1,1,,,1,4,1,1,1,1,2,4,1,1,,,,1,2,,2,,2,,4,1,1
162,2,1,1,1,,1,,1,,,1,,,,1,1,2,1,6,,1,4,,2,2,,1,,1,,1,1,1,1,1,3,,
163,,,1,1,1,1,2,2,,1,,2,1,1,,1,2,,,,,1,2,,,,1,1,3,2,1,1,3,,1,2,3,1
164,,2,,1,2,,3,2,1,,,1,2,,,1,3,2,,3,1,,,2,,2,1,,2,1,,1,,1,1,1,,2
165,,1,1,1,,,2,,,1,2,1,1,,1,,,2,1,,1,,2,3,1,,1,2,,1,4,1,3,,3,,1,1
166,2,,,,1,3,1,,,1,1,1,2,1,,1,2,,,,4,,1,1,2,,3,1,1,,,1,1,,1,1,2,3
167,2,,1,,1,1,2,4,,,1,1,1,,,3,1,2,1,4,1,,1,,,,,,1,,,3,,4,,1,,2
168,,3,,2,1,1,2,1,1,1,,2,,,,2,2,,1,,3,,,2,,,1,1,1,1,3,3,,,3,1,,
169,1,2,2,1,,2,,1,1,,1,1,,,3,3,,1,1,2,,2,,1,,,,3,,2,,3,,2,,1,1,1
170,,3,2,,1,2,1,3,,,2,,4,1,1,,2,,,1,1,1,1,,1,2,1,2,,,1,1,,1,1,,1,1
171,,,,,3,2,3,,1,,,1,,1,1,1,,,,1,,,4,2,,1,1,1,,3,,2,2,3,,1,3,1
172,1,2,1,,2,,3,,1,1,2,1,1,,,2,1,,1,2,2,1,2,1,1,,1,1,,,,,2,2,1,1,1,1
173,1,2,1,4,,,,1,,2,1,1,1,1,3,1,,1,,,1,3,,1,1,1,,1,,2,,2,2,1,1,,,2
174,,1,,3,1,3,1,,2,1,1,1,1,,,,,,1,1,1,2,1,,1,1,,2,2,1,,2,2,2,,,2,2
175,,2,,1,3,2,3,1,1,2,2,,1,1,2,1,1,1,,2,,1,1,,,,,1,2,1,1,1,1,2,1,,,
176,3,2,1,1,2,2,,1,1,1,1,1,2,2,1,,,,2,,3,,1,,,1,,1,2,,,2,1,,,1,1,2
177,2,1,,,1,2,,2,,,,1,1,,1,,1,1,2,,1,,2,1,1,1,,4,4,1,1,,1,1,1,3,1,
178,2,3,1,2,2,1,1,2,,1,,,1,,,2,1,,,3,1,1,,1,,,,,1,1,3,,3,,2,1,1,1
179,,,,1,1,3,1,,1,,,2,1,1,1,1,2,1,1,1,2,2,2,1,,2,2,2,2,1,1,,,,1,1,1,
180,1,1,2,2,,,2,,,2,1,1,2,1,2,2,1,,1,3,,2,1,1,,,2,,2,,1,2,1,1,,,,1
181,1,1,,2,2,,,,,1,3,1,1,,2,,1,3,,2,,1,2,,2,,1,1,1,,1,2,,2,,2,1,2
182,,,1,,,1,1,,2,1,1,1,3,,1,1,,1,1,2,3,,,1,1,1,3,1,1,1,3,,1,,2,2,1,
183,2,,2,5,4,,,4,,2,1,,,,1,,1,2,,,,,,,,1,2,,1,2,,,,,2,2,1,3
184,1,,1,1,1,2,,2,1,2,2,,,,1,2,2,,1,2,1,3,1,,1,,2,,,,1,,1,1,2,2,,2
185,3,1,1,2,,1,1,1,,,2,3,,2,,1,,1,1,1,1,,4,1,2,,1,,,1,3,2,,,,,1,1
186,1,2,,,,,,,1,4,1,1,1,,1,,,2,,,3,2,3,1,3,2,1,1,1,,,,,2,1,,2,2
187,2,3,1,1,,2,2,,2,,,,3,,1,1,1,1,2,,,,,2,,2,1,3,1,2,,1,,,1,2,,1
188,1,1,2,1,,2,,1,,,1,2,1,3,1,,1,1,1,,1,1,1,,,1,7,,1,2,1,1,1,,,1,1,
189,1,2,1,,,,1,2,1,,,,2,,2,2,,1,2,1,,3,1,1,1,2,,1,,2,2,1,1,1,,,4,
190,1,1,,1,1,1,1,1,2,1,1,1,1,,2,,1,2,,,,2,3,1,,,,3,2,2,,1,,2,1,1,2,
191,2,,3,,1,,,1,1,,,,1,1,3,1,1,,,,,,2,,,1,2,5,,1,1,1,1,1,2,2,1,3
192,1,2,,4,1,1,1,1,,,,3,1,1,,,,,,,,1,1,,2,,1,,,5,,,,2,2,1,2,5
193,2,3,,1,1,2,,,4,,2,1,1,2,1,,1,1,1,3,,,1,2,,1,1,1,,1,1,1,,2,,,1,
194,,1,3,,,,,1,,,1,1,1,,1,2,5,,2,2,,1,1,3,1,3,,1,1,1,,,,1,2,,2,1
195,1,2,,3,,1,,,,,1,2,2,3,,1,,2,,1,2,3,,,2,1,,,1,1,,,,2,3,2,1,1
196,1,3,1,2,2,1,2,2,1,1,,,1,,1,,1,,,1,1,1,,3,,1,1,,,1,2,2,1,3,,,2,
197,1,,2,,1,,1,3,1,1,,2,1,1,1,,,3,,3,1,2,,,1,2,,2,2,,1,1,,3,2,,,
198,1,,,,1,1,1,1,,1,2,2,1,1,1,,,1,1,1,,,2,1,1,,2,3,1,1,3,2,1,1,1,1,1,1
199,3,1,1,,,1,1,2,1,1,5,2,1,2,,,2,,,,,1,1,1,,,3,,2,1,1,,1,2,1,1,,
200,1,,,1,1,,1,2,,1,2,2,3,1,4,,,2,1,1,1,,3,1,,2,2,,3,,,1,1,,,1,,
201,,2,,2,,,2,2,,1,,,1,,1,1,,3,3,1,,,1,,,1,2,1,1,5,,,,2,1,3,1,1
202,2,1,3,,2,1,1,1,,,1,,3,1,,1,2,1,,2,1,,1,2,1,1,2,1,,,,1,,2,,1,3,
203,2,2,3,1,,2,2,1,,3,1,,,1,2,2,,3,,,,,2,,2,,,,1,,2,,,,1,,3,2
204,1,,1,2,1,2,,2,1,3,,,1,1,2,,1,1,1,,2,1,1,2,,1,5,1,,,,,1,,3,1,,
205,1,,1,2,1,,2,1,1,,4,,1,3,,3,,2,,,,1,3,2,1,1,,,,,,1,2,,2,3,,
206,3,1,1,1,1,,,2,1,,,1,,3,,2,,3,2,1,2,,1,,1,1,,1,1,,1,1,1,1,2,2,,1
207,,1,,,,,2,4,1,3,3,1,,,1,1,1,,1,2,1,,1,1,1,1,2,,3,,,,4,2,1,,,
208,4,1,2,2,1,,1,,1,4,,,2,,1,2,1,,1,1,,2,1,1,,1,,2,,1,2,,,2,,,1,1
209,1,1,2,,3,2,1,1,,,1,1,2,2,,,1,1,,1,1,2,1,1,,1,2,,,2,1,2,1,,3,,1,
210,,,4,3,1,1,,1,,,,1,3,3,,1,3,2,1,,,1,,,2,,,1,,1,,1,,1,2,2,2,1
211,3,,2,,1,1,,3,1,,,1,1,,2,1,4,,,4,1,,3,,1,1,2,1,1,,,1,,,2,,,1
212,1,1,1,2,2,3,,1,,,2,,2,1,1,,4,,1,,1,1,1,1,1,1,,1,1,1,1,,,2,,1,2,1
213,1,,2,,1,2,,1,,1,,,2,1,,1,1,2,1,3,4,1,3,,,,,1,,,1,1,2,4,,,1,1
214,1,2,2,,1,,1,,1,2,,1,2,,,2,1,1,1,2,1,1,,,,,,1,,3,,2,,1,5,1,1,2
215,,2,,1,4,1,,2,1,,1,,,1,3,2,,3,1,2,,,,2,,1,,1,1,,3,1,1,2,1,1,,
216,1,,,,1,,2,1,,1,1,,2,1,1,2,,3,1,,1,,2,2,,2,4,1,1,,,2,,1,4,1,,
217,,1,2,3,,,,1,1,2,1,1,,1,1,1,1,1,,1,,2,,2,4,1,1,1,1,1,2,1,2,1,1,,,
218,,3,,,,1,1,4,,,2,2,2,2,1,,2,,1,1,2,2,2,,1,1,,1,2,2,2,,,1,,,,
219,,2,1,1,1,1,,1,,4,1,1,1,,4,,1,,1,,1,1,,,1,3,1,1,,2,,,,3,1,1,1,2
220,2,1,1,1,1,1,,1,1,1,2,,,3,1,2,,,2,2,,,2,1,2,,,1,2,1,,2,2,,1,1,,1
221,,1,,3,,1,1,1,,3,1,2,4,,1,,2,1,,1,1,1,,2,2,,,,1,,4,2,,1,,1,,1
222,1,,2,1,1,1,,,4,2,2,2,,,1,,2,3,,1,,,2,,,1,2,3,1,,1,1,2,,,,1,1
223,1,1,,3,,,4,1,,1,,1,1,3,2,3,1,1,,1,1,,,1,1,,,,2,1,1,1,3,,1,2,,
224,1,,2,1,4,,1,1,1,,2,2,,1,1,2,1,1,1,,,,1,1,,,,1,,2,,1,2,1,2,,2,3
225,1,,,,1,2,1,,2,,1,,,1,1,3,1,,1,,2,,2,2,,2,1,,1,2,1,1,,4,2,,1,2
226,1,2,1,1,,,,2,1,1,,3,1,2,,,,,3,2,1,1,1,1,,,2,1,1,1,,1,1,1,2,1,1,2
227,,1,,,,1,,2,2,2,,1,,6,,3,,1,1,1,1,2,2,3,,1,,,1,,1,,1,1,1,1,,2
228,1,1,,1,,2,,1,1,1,2,1,,2,1,3,,1,1,1,,,1,1,,1,2,2,,2,4,1,,,2,1,,1
229,,,2,2,4,,2,,2,1,,,2,1,,,1,1,2,,1,,1,2,,1,2,,,4,2,,1,2,,,2,
230,1,1,1,1,2,,1,,2,1,,,1,,,2,1,4,4,1,,2,,,1,2,1,1,1,1,1,,2,,,2,1,
231,,2,1,,1,2,,2,1,,1,3,3,1,,1,1,,1,2,1,1,,2,1,1,,,1,2,1,,1,2,1,,2,
232,3,,2,3,2,1,,,,,1,1,,1,2,1,,,3,3,1,3,,,1,1,1,1,,,1,1,1,,2,1,1,
233,1,1,2,1,,,,,2,4,3,,2,,,2,1,2,2,1,1,1,1,,,,,,,1,1,1,2,2,2,2,,
234,1,2,1,1,1,1,,2,1,2,3,,1,1,1,1,2,1,2,1,1,,1,1,2,,1,,,2,2,1,,1,1,,,
235,1,2,2,1,,,1,,,1,2,,1,,,1,,1,1,,2,1,1,,1,2,3,5,2,2,,1,,,2,,1,1
236,,,,,2,4,2,1,,,,1,3,1,1,2,,,,,,1,1,2,1,,1,1,1,2,2,,2,1,2,2,2,
237,,,2,,,,1,,,1,2,2,1,,2,1,1,,2,,1,2,1,2,,,,2,1,1,1,2,,1,3,1,2,3
238,1,,1,1,1,,,2,1,1,1,1,4,,,1,2,,1,,,1,1,1,1,1,,,,2,1,3,1,2,1,1,2,2
239,1,1,,1,,3,2,1,1,1,2,1,1,1,,,1,,2,,1,,,,,4,1,1,1,2,2,1,1,2,,3,,
240,,,3,2,1,,,1,2,,1,,1,2,,1,,1,6,1,1,1,,2,1,2,,1,3,,,1,1,,,,2,1
241,2,1,,2,1,1,1,,,1,1,1,1,2,,3,,2,,,2,2,1,2,1,,1,1,1,1,2,1,,,,,3,1
242,,3,,1,,1,2,1,,3,,2,,1,1,,,3,,2,,1,1,,,1,3,3,1,1,,2,,,2,,,3
243,2,2,2,1,,,,2,3,1,,2,,2,1,2,,2,2,1,,,1,1,1,1,,,2,2,,,1,1,1,2,,
244,1,2,2,,3,2,,,2,,1,,2,1,,2,,,,1,,1,1,1,,2,1,,1,,,4,1,,1,1,2,3
245,1,2,2,1,2,1,,1,2,2,,3,,2,1,1,1,1,1,,1,3,,2,1,,1,,1,1,,,,2,,,,2
246,1,,2,,,1,,1,4,,,,1,2,1,,3,1,,,2,1,,1,3,,1,1,2,1,1,1,,2,,2,2,1
247,,,1,,2,,2,1,2,,,,2,2,1,2,2,,2,,3,1,,3,,2,,,2,3,,,,2,1,,,2
248,,,2,1,1,2,,1,,,1,2,1,,1,1,,1,2,3,2,2,1,,,1,1,1,,1,2,,2,1,,,2,3
249,4,,2,1,1,1,2,3,3,1,,,,1,,1,1,,,,,2,1,1,,,2,,1,1,,,1,1,2,2,1,2
250,,2,1,1,,1,,1,1,4,2,,1,1,1,,1,2,,,,,,3,1,5,2,1,1,1,,,1,,1,2,,1
251,1,2,,,2,,3,1,3,1,1,,1,3,,,1,,2,1,1,1,,2,1,1,,1,1,2,2,1,1,,,,,2
252,,2,1,2,1,,3,1,,1,1,2,1,1,,,,1,,1,2,,1,1,1,1,2,,1,2,,1,4,,1,2,1,
253,2,,,2,1,2,,,,,2,,2,2,1,,1,2,1,,,,1,1,1,1,2,,3,2,3,1,1,,1,,2,1
254,3,1,5,,,1,,2,,2,,1,3,1,,2,2,2,,1,1,1,,1,,1,1,1,1,1,2,,,1,,,,1
255,1,,,3,1,1,,,,1,,2,1,,2,,4,,4,,,3,,1,1,,3,,,1,2,1,2,1,,1,1,1
256,2,2,2,1,1,2,,,1,,,2,1,,1,1,1,3,1,2,2,,2,,3,,1,,1,1,,1,2,,,,1,1
257,,1,,2,2,1,,1,1,,,1,1,2,2,,1,1,1,1,1,,1,2,1,2,2,,1,1,,1,,2,,2,1,3
258,,,2,2,1,1,1,2,2,1,,2,1,,2,,1,3,1,2,2,,1,1,1,,2,,,1,,,,3,1,,1,1
259,3,1,,1,,,2,,1,1,,,,1,,2,1,2,3,,3,1,,2,2,,,2,1,,2,1,2,1,1,1,1,
260,1,3,1,1,,1,3,1,,,2,4,1,,1,1,1,2,1,,,1,1,2,1,2,,,,,,2,,1,,3,1,
261,,1,1,,,2,,2,1,1,2,,1,2,1,1,1,3,,,1,2,2,,,2,3,1,1,,1,1,1,2,,1,1,
262,1,1,,1,,1,,1,2,2,1,,,,1,2,1,2,1,,1,,1,5,4,1,2,,,2,1,,1,,,1,,2
263,,3,2,,1,1,,,1,,1,,,,,2,1,3,1,1,1,3,2,,3,3,2,,1,1,,1,1,,1,1,,1
264,1,4,2,1,,,,,2,2,2,,1,,2,,,,,1,,,2,2,2,,,,,2,1,2,2,2,,3,,2
265,1,1,2,1,,2,,2,,1,1,1,1,,2,,2,1,,1,2,,,3,,,,1,1,2,2,2,,1,2,1,1,1
266,,1,,2,,1,1,,1,3,1,1,,1,,2,,1,1,1,2,,,2,2,,,,1,1,2,2,1,2,3,1,2,
267,1,2,1,1,1,,2,,,4,1,1,1,,1,3,1,,1,2,3,,2,1,2,,,1,1,1,1,,3,,,,,
268,1,2,3,,1,,1,1,,1,1,1,2,,,1,1,3,,1,,,2,1,2,2,1,,2,,,3,2,,2,,1,
269,1,1,,,3,2,,1,,,2,1,1,1,,,,,1,1,,2,2,,1,1,4,2,1,1,3,4,,1,,,,1
270,,3,,1,1,2,1,3,,2,1,,1,1,,2,,1,,1,,2,,1,2,,1,2,,1,1,1,,2,,1,1,3
271,1,,2,1,1,2,,1,3,1,1,,1,1,1,,,2,,1,1,,1,,1,2,1,2,1,1,,4,1,1,1,,2,
272,,1,3,1,1,2,1,1,2,1,4,2,,1,,,,,1,2,1,,1,3,,3,,,,1,1,,1,2,1,1,,
273,1,1,1,2,1,1,,,1,1,,1,2,,1,1,1,2,1,3,1,1,1,1,1,1,,,1,,2,1,2,4,,,,1
274,,1,1,2,2,,1,1,,1,1,3,3,1,,,1,,1,,,,1,1,1,,1,2,,5,2,,1,1,,2,2,
275,1,1,,1,,,1,2,1,,2,1,,,,,1,2,1,1,,1,1,1,3,,1,2,,3,,5,1,1,,1,2,1
276,,,,3,1,5,,,2,3,,,1,2,,2,,1,1,,1,,1,,,4,1,,,2,1,1,2,,3,,,1
277,,3,4,,1,2,,2,,1,,1,1,1,,,,,2,,,1,1,3,1,1,1,2,1,1,1,1,,1,,1,1,3
278,2,1,1,,,1,1,,,1,,,1,1,1,,,2,1,1,,2,1,2,2,1,3,2,1,,2,1,,2,1,1,2,1
279,1,1,1,1,,,1,,,,1,1,2,1,1,1,3,1,,1,2,1,1,1,,1,1,2,2,1,,1,1,1,1,2,2,1
280,1,1,2,1,,,2,,1,1,1,,,1,2,3,1,2,1,,3,1,,2,,1,2,,,,1,1,1,1,,2,,3
281,,3,1,2,1,1,,,1,,1,2,,2,4,1,1,,,,2,,,1,3,2,,1,,,1,2,2,,1,1,2,
282,2,1,,1,,,1,,1,1,1,1,,1,3,,2,1,1,,1,3,1,2,1,1,,2,1,1,,2,,1,1,,3,1
283,1,1,,1,,1,1,1,2,,1,,,2,3,2,,1,,1,1,1,2,,,1,3,1,,4,1,,1,1,2,,2,
284,,,4,1,1,1,2,1,1,,1,1,,1,1,2,,,,2,1,2,1,1,3,1,1,1,,1,1,1,,,1,,3,1
285,1,1,1,,,2,1,2,1,2,3,3,1,3,1,,1,1,,2,,,,,,,,1,,1,2,,2,2,1,1,1,1
286,,,1,2,,1,2,1,,1,,1,1,1,,,1,1,,,,4,1,,1,,3,2,1,1,2,1,2,2,,2,2,1
287,1,3,,,2,,2,,,3,2,1,,2,1,,1,2,1,,2,,,,,1,,,1,1,2,1,2,,1,1,,5
288,1,1,,3,1,1,1,,2,1,2,2,,1,,1,,,,2,,,,1,1,1,,2,4,2,1,1,,2,,2,,2
289,2,1,,1,2,,,,2,,3,2,1,,1,,1,,2,1,3,,3,1,,,,1,,1,2,3,,2,,2,1,
290,2,1,2,,,1,,1,3,,2,1,2,1,2,1,,,,,4,,,2,1,1,,1,2,1,2,2,,1,,1,1,
291,2,3,3,,1,2,1,2,,,1,2,,1,1,2,,1,3,,1,2,,,2,,,,1,,1,1,1,,1,2,,1
292,1,,1,,1,2,1,1,1,,1,,2,1,2,3,1,1,2,1,1,,,3,,1,1,2,,3,,1,1,,1,1,1,
293,5,4,1,,2,,1,,,,1,1,1,1,1,1,1,,2,1,2,2,1,1,2,1,,,1,1,2,,,1,1,,,
294,2,2,1,2,1,1,,1,2,,3,1,,,1,,1,1,,2,2,1,2,,,,,2,,,1,3,1,,2,1,1,1
295,1,,1,,,1,1,1,1,2,2,2,1,1,2,,,2,1,2,2,1,1,,1,2,1,1,,,,2,2,1,1,,2,
296,,,,1,1,1,1,,3,1,2,,,2,1,2,,,1,1,3,2,2,3,1,,1,,1,,3,1,,2,,1,1,
297,,1,1,,1,,1,2,,,1,3,2,1,2,1,2,,5,2,2,,1,,,1,,,1,1,1,5,,,1,,,
298,3,1,1,1,,1,3,,1,,2,1,,1,2,1,2,,4,,,,2,2,1,1,,1,,1,,2,1,,,1,1,1
299,1,2,2,1,2,,,2,1,1,,2,2,1,,1,,1,1,1,1,2,1,,1,1,,,1,1,1,2,1,1,2,1,1,
300,,4,,2,2,1,,1,2,,1,1,2,,3,,1,1,1,,,3,1,4,,1,1,1,,,,3,,1,,1,,
301,,1,,1,,2,1,2,2,1,2,,1,2,2,1,,,1,,,1,1,,,2,,1,,,2,,3,1,2,2,2,2
302,2,,1,,,,1,,2,1,2,2,1,1,1,2,1,1,1,1,,,,3,2,1,,2,1,1,4,3,,1,,,,
303,1,,,1,1,2,,1,,2,1,,2,1,2,,4,1,2,,1,2,,,,,2,1,,,1,2,1,,1,1,3,2
304,1,1,,,,3,2,1,2,2,1,,,1,,,1,1,2,,,2,3,,3,,2,,,2,,1,2,,1,2,2,
305,1,2,2,1,1,2,,2,,2,,,,,3,1,1,,,1,1,2,,1,2,2,2,2,1,,,1,2,,2,,,1
306,1,1,2,1,1,4,,1,2,1,1,2,,1,1,,,,1,1,,,1,2,1,1,2,,1,,,,1,3,1,2,1,1
307,1,,1,1,,3,,3,1,2,,,1,,1,2,2,1,,,2,1,,1,2,2,2,,1,1,,1,1,1,2,,,2
308,,2,,1,,2,1,2,1,1,1,2,2,1,1,,1,2,1,1,1,1,1,1,,1,2,,,3,1,,2,1,1,1,,
309,,1,1,1,1,,2,,,1,,3,,2,2,,3,,,2,,1,3,,2,2,2,1,,1,,2,1,1,,1,2,
310,1,2,1,1,2,2,2,2,3,1,,1,,1,2,,1,3,,,,2,1,2,,1,1,1,,,,,1,,,1,3,
311,1,1,1,1,4,1,1,3,2,,,,,3,2,1,,,1,1,1,1,,,2,3,1,1,,,1,1,1,,2,1,,
312,1,1,2,4,1,2,,,1,2,1,1,1,1,2,1,1,,,,,2,,1,,,1,,2,1,1,2,,2,1,1,1,1
313,2,3,3,,3,2,2,,1,2,,1,1,2,,,1,,1,2,,2,,1,,,1,1,,,2,1,,,1,2,1,
314,1,,1,,1,1,1,3,2,,1,,1,2,,1,1,,2,,1,2,,1,1,,,,2,2,2,4,,,1,1,3,
315,,,1,1,1,,,1,1,3,,2,5,1,,1,2,1,2,1,1,,,2,2,,1,,1,,,,3,2,,1,2,
316,,3,1,,2,1,4,,1,,1,,1,,,,,,,1,1,1,2,1,1,1,2,1,3,2,1,2,1,1,,2,1,
317,2,,3,1,1,3,2,,2,1,1,1,,1,1,1,2,2,,1,2,2,1,,1,1,,1,1,,1,,1,,2,,,
318,,3,1,2,1,1,1,,,2,,2,,,,,2,1,1,,2,,2,3,1,,1,2,1,1,,,1,,2,,2,3
319,2,1,,1,1,,,1,2,2,1,,,1,1,,1,3,2,3,,1,,,3,,1,,1,2,2,,2,,1,2,,1
320,,1,2,,1,2,1,1,2,1,,,1,,3,1,,1,1,3,2,1,1,,2,,1,1,,2,2,1,2,,,1,,1
321,3,3,,,2,,2,2,,3,,,2,,2,1,1,,1,1,2,,1,1,,2,1,1,,2,,1,1,,1,1,,1
322,,1,,2,,1,,1,1,2,2,1,2,1,2,1,,2,2,2,,1,,,1,1,,1,,1,1,1,1,1,1,,4,1
323,4,3,,1,,,,,2,1,,2,1,1,1,1,,4,2,1,3,2,,1,,,,1,1,1,2,,,,,2,,1
324,2,3,1,2,1,,2,,,1,1,1,2,,2,3,,,2,,1,1,2,1,,,3,2,2,,,,2,1,,,,
325,,1,2,,,2,3,1,,1,,,2,,2,,2,,1,2,1,,1,,,1,2,1,4,,3,,1,1,2,,2,
326,1,,2,3,2,2,2,1,1,1,1,1,,1,,2,,5,2,1,1,,1,,,1,,,,1,1,1,,2,1,1,,
327,,2,2,2,1,1,2,2,,2,,1,2,,,2,2,,2,,1,,2,1,,,,,,2,,1,2,,3,1,,2
328,1,,2,2,1,1,,,2,2,1,,,1,2,,2,1,,,3,,2,1,,1,1,1,1,,2,2,2,1,,1,1,1
329,,,,,2,2,2,1,,,,,1,,3,2,,,2,1,2,,1,1,,3,,1,1,1,1,1,1,3,1,2,3,
330,,1,1,,1,2,,,2,1,2,1,1,1,3,,,1,,1,3,2,2,1,,,1,1,1,1,2,2,,,1,1,,2
331,,2,3,,1,3,,2,2,,2,1,1,3,1,,,1,,1,1,1,,,,2,1,3,,2,,1,4,,,,,
332,1,1,,,4,1,1,2,2,1,1,2,,1,1,3,,2,,,2,1,,1,1,,2,1,,,2,1,3,,,,,1
333,2,2,3,,,2,,1,,2,2,2,2,,1,1,1,,1,1,2,1,1,1,3,,1,,1,2,,,1,1,,1,,
334,2,1,1,,2,1,1,,1,1,,2,1,,3,1,1,1,,,,2,1,1,1,1,,,1,3,2,2,1,,2,1,1,
335,2,,1,,2,,,4,1,,1,,2,1,,2,1,1,1,,2,,1,2,2,,3,,,2,2,,2,1,,1,,1
336,,,2,2,,2,2,2,,,1,2,1,1,2,2,1,,1,1,1,1,1,2,,,,,1,2,,1,2,,,2,2,1
337,1,,1,2,,2,,1,1,2,1,2,3,1,,1,1,,2,1,,2,2,,,,,2,1,1,,1,4,,1,1,1,
338,,,2,,1,3,1,,2,,2,2,2,,2,1,1,,,1,3,1,1,,,,,1,1,1,1,2,,1,3,3,,
339,1,2,1,,2,2,1,,2,3,1,1,,,1,4,,,,1,1,,3,,2,2,,1,3,,2,1,,1,,,,
340,,3,1,1,1,,,2,,,1,,1,1,,1,,1,,2,1,,2,1,3,,3,1,4,,1,2,,,1,2,,2
341,1,2,1,1,,,1,1,2,1,,1,1,2,2,1,,,,2,1,,2,4,,1,,,,1,,1,4,1,,3,1,
342,,1,1,1,,,1,1,2,,2,1,1,1,1,2,,,1,4,2,2,1,1,1,,1,,,1,,,2,2,1,,3,1
343,1,,1,,2,,2,2,1,2,,,1,1,,2,2,1,2,1,1,2,,,,1,1,3,2,3,,,,2,1,,1,
344,1,,2,,1,,2,,,,1,1,1,1,2,2,1,,,1,2,2,,,,5,1,2,1,1,1,3,3,1,,,,
345,3,,2,1,,1,1,1,1,1,1,1,1,1,,,3,1,1,1,1,,,1,,2,1,2,,1,,1,1,1,1,1,3,1
346,,2,2,1,,1,1,2,3,1,1,,,,,1,,1,1,1,1,,,,1,1,2,1,,1,1,2,,1,4,,,5
347,1,,3,1,1,,2,,1,,,,1,1,3,,,1,,,1,2,3,,2,4,2,1,1,,,,,1,2,,1,3
348,,1,2,1,2,,,2,3,2,,,3,1,1,1,1,,,3,,1,2,,,,2,1,,,,,1,3,,1,2,2
349,1,1,2,2,1,,3,,2,,2,,,,1,1,,,,3,3,4,1,,2,,1,,1,2,1,,1,,,1,1,1
350,,1,2,,,,,1,1,2,1,1,2,,1,,1,1,2,,2,2,1,,1,,,,1,2,1,3,1,2,,2,1,3
351,1,1,1,,,3,,,1,1,1,,1,1,,,,1,,,1,1,2,1,,1,1,1,2,1,3,1,,2,2,5,,2
352,1,1,1,,,2,1,,,,1,1,2,2,,,5,1,,1,,,2,2,,,1,,1,,1,1,1,1,2,2,2,3
353,,1,5,,,1,1,,1,1,1,1,2,3,1,2,1,,1,,,,,2,1,,2,2,,,1,,1,,3,4,,
354,,3,1,1,1,,,1,1,,2,,,2,1,2,1,1,2,1,2,1,1,,1,3,,1,2,2,1,,,1,,,2,1
355,1,2,1,3,,,,,2,2,,2,1,,,1,,2,,,,1,3,1,1,1,,,,4,1,2,1,1,,1,2,2
356,1,2,,,1,2,1,,,,,2,2,1,,2,3,,2,1,2,,1,,,2,1,2,3,,2,,1,1,,,3,
357,3,,1,2,2,,2,2,,2,1,2,1,1,1,,1,,,1,,1,,2,2,,,3,4,1,,1,,,,,1,1
358,1,,,1,1,2,1,3,1,2,2,1,,1,2,2,,,,1,,1,5,1,1,,,2,,,1,,1,2,,2,1,
359,3,1,,1,,1,1,3,1,1,,,1,2,,1,,2,,1,,2,,1,,1,1,1,,1,1,2,2,,1,3,2,1
360,2,,,,2,1,,3,1,,,,,1,,2,1,1,3,2,,,1,1,1,1,,3,,,1,3,1,1,,2,2,2
361,,,2,1,1,1,1,2,1,,,,1,2,,1,,1,1,2,2,2,2,2,2,,1,2,,2,,1,1,,3,1,,
362,2,,1,,,2,,1,,1,1,,,2,1,1,1,,2,1,,1,1,2,1,2,1,,1,2,2,1,1,,3,2,1,1
363,,1,3,,2,,2,1,3,2,,1,1,2,1,,1,,,1,1,2,1,1,,2,1,1,2,,,1,,2,,1,1,1
364,5,,,,,1,1,1,3,1,,,3,1,,1,,1,1,2,1,1,1,2,1,,,,2,1,3,,1,,2,2,,
365,,2,,2,,,,1,2,3,1,,2,,1,,1,1,1,,2,1,1,5,2,1,,1,1,,2,3,,,1,,,1
366,1,1,1,,2,1,1,,1,,1,,1,,2,,1,,,2,2,,,3,,1,,1,1,2,1,3,1,3,2,1,1,1
367,1,1,2,1,2,3,,,,1,1,1,,1,1,1,,,,,,3,2,,1,1,2,3,1,,,2,2,,,1,1,3
368,2,,,,1,1,3,1,,1,,,1,,,4,2,1,,3,,3,,1,4,,,1,1,,,,2,1,1,2,1,1
369,2,1,,1,1,1,,1,,,2,,,,1,4,,,1,,,6,1,2,2,2,1,1,,,1,3,,1,1,1,,1
370,1,,4,1,,3,4,,,2,2,,,2,,,2,,,1,1,,1,1,1,1,,,1,,,,,3,1,1,2,3
371,,,,2,,1,2,1,6,,3,,1,1,,1,1,,2,1,1,1,2,,1,,,,2,,1,,1,2,1,1,2,1
372,2,2,,,,2,1,1,2,1,2,1,,,,1,,,2,1,2,2,,,1,3,,1,3,1,2,1,,1,,1,1,1
373,4,,,2,,1,1,2,,1,1,,,2,2,,,,,2,3,,1,2,1,2,1,1,,1,1,1,,1,2,1,,2
374,,2,,3,4,1,1,,3,,,1,2,1,1,1,,2,1,,,,4,,,1,,,,,2,,4,1,,,2,1
375,,1,2,1,1,,,,,1,,1,1,1,2,,2,,1,,,2,1,,1,1,1,1,3,3,3,1,,2,2,1,2,
376,,1,2,,3,,,3,,,,1,2,1,1,1,,,1,,2,1,1,2,,2,,2,2,2,2,1,,,,1,2,2
377,2,,1,2,,,1,,2,1,2,1,1,,,1,1,1,2,1,1,3,,1,,,2,,1,,1,2,3,1,2,2,,
378,1,2,1,1,1,2,1,4,1,,1,1,2,1,1,1,,1,,2,,,,2,1,,1,,1,,,,,3,3,,3,
379,1,1,1,1,1,1,1,,1,1,,1,3,,1,2,2,3,,,1,,,4,1,1,,2,,2,1,,1,1,2,1,,
380,,,1,2,1,1,,2,1,1,,,2,2,1,,2,2,1,1,2,1,,,1,,2,2,1,1,,1,,,2,4,,1
381,,2,,,,3,,2,1,3,,,1,3,1,,,1,4,,2,,2,,1,1,,2,2,,,2,1,,1,,2,1
382,,1,4,1,,1,,,1,1,2,1,,2,3,,1,2,1,,3,,1,2,,,,1,2,,1,2,1,,1,,1,2
383,1,2,,,2,1,1,,1,3,1,1,2,1,1,1,,,1,1,1,1,,,1,,,1,1,1,4,1,1,2,,3,,1
384,,1,1,,1,1,,1,1,1,,1,1,,,2,1,1,,1,2,1,1,1,2,1,4,2,2,,1,2,,1,2,,2,
385,2,,,1,,1,1,2,1,1,,,1,2,1,1,1,,2,2,2,,2,,,,2,1,,2,2,2,4,1,1,,,
386,1,2,2,1,,,,,1,,,,,,3,1,,1,,1,,2,1,2,2,2,3,,4,1,,2,,1,2,1,1,1
387,3,,1,1,,1,3,1,,,1,,1,1,2,2,1,1,1,2,,2,,1,1,2,1,3,,,,1,1,,2,1,1,
388,1,1,2,,,1,,,1,1,,2,1,1,2,1,3,1,2,1,1,,,2,,2,1,1,1,1,,2,1,,,2,1,2
389,2,2,1,2,,2,1,2,2,1,1,,1,,,3,,,,,,,2,1,,1,1,1,2,,,,,1,3,1,4,1
390,1,3,1,1,,3,1,1,1,1,1,1,1,3,,2,1,,1,,1,2,2,1,,2,,,3,1,,1,,1,1,,,
391,2,,1,,,2,1,4,,,1,3,2,1,1,1,1,3,,2,1,,,,,1,,2,,2,,2,,4,,1,,
392,2,1,3,,1,,,,1,2,2,2,,2,2,2,,,1,,1,1,1,2,1,1,2,3,,,1,,,2,,2,,
393,2,,,,2,4,2,1,1,1,,,1,1,2,,1,2,1,1,,1,,1,,2,,1,3,,1,1,2,1,,2,1,
394,,,2,1,1,,1,1,1,2,,5,,,1,1,2,2,1,,1,,,3,2,,3,,1,1,3,1,,,,1,1,
395,,,3,1,3,1,,1,1,,,,,1,,1,3,1,,,,1,,1,,,4,1,1,1,1,,3,3,3,,1,2
396,,1,2,2,,,,1,,,1,2,2,3,,,2,1,1,,,4,2,2,1,,1,1,2,1,,2,1,,,,1,2
397,1,,1,1,1,3,,,2,,1,1,,1,2,,2,1,2,2,,1,1,1,,,3,2,1,,1,1,,1,2,2,,1
398,,1,2,1,2,1,,,1,2,1,,,,3,1,2,2,1,2,1,,,1,,,,2,1,1,,1,,2,3,3,1,
399,,,1,4,2,,1,3,4,1,,4,,1,,1,,1,,1,1,2,,,,1,,1,,2,1,,3,,1,1,1,
400,1,,,1,,1,3,,1,1,,1,1,1,2,1,2,1,3,2,1,1,,1,3,1,,,1,,1,3,1,1,1,,1,
401,2,2,,1,1,,,2,,2,,,,1,,2,,1,,2,2,2,,1,,,2,,1,1,,2,3,2,,2,3,1
402,,,1,2,,2,1,,1,,,3,1,1,,1,2,2,3,1,2,,,1,1,3,1,1,1,,3,1,,,,,1,2
403,2,,1,,1,,2,1,2,1,1,1,1,2,1,1,2,1,1,2,,4,,,2,,,2,1,2,,1,,1,,1,,1
404,,4,,,2,1,2,,,,1,1,2,3,3,,2,1,1,,,,1,1,2,1,,,2,1,2,,1,2,,,1,1
405,2,,,1,1,1,1,,2,2,2,,,,2,,1,1,1,,2,1,,1,,,4,1,2,1,,1,2,1,1,1,2,1
406,,1,1,1,1,,,3,,3,4,2,,,1,,2,2,1,1,,1,1,1,1,,1,,,2,,2,,1,1,1,2,1
407,2,,,1,3,,1,,1,2,3,1,2,,1,,1,1,2,,2,1,,1,1,1,1,,1,2,1,1,,1,2,,1,1
408,3,3,,,1,,,1,,1,2,1,1,1,1,1,2,,1,,,2,1,1,1,,,1,,1,3,2,1,,3,1,2,
409,2,,1,,,1,2,2,2,1,,,,1,1,1,2,2,,2,,,2,1,2,,1,1,2,,1,,1,1,,2,2,2
410,3,4,1,2,2,,,,1,2,2,,2,,,1,,1,1,,,3,,2,1,2,1,,1,,1,,,1,2,,2,
411,1,,,1,1,2,4,1,1,5,,,,2,1,1,,,,,,,1,1,,1,1,,2,,1,2,4,,2,2,1,
412,2,,2,1,2,1,2,3,2,2,1,1,,2,1,1,1,1,1,1,,1,1,,,,,1,1,1,,3,,,1,1,1,
413,,,1,1,2,1,,1,1,1,,2,,1,1,,1,1,4,,2,1,1,1,1,1,1,2,,,1,1,,,3,1,2,2
414,,1,1,2,,4,3,,1,,1,1,,2,1,,1,,2,1,,1,1,1,1,1,1,,2,1,,1,,1,1,1,2,2
415,,,1,1,1,,1,,,,,,1,,1,1,3,1,1,4,3,1,,,1,2,2,1,1,2,,1,1,3,1,,1,2
416,,1,3,,2,1,1,,2,1,,3,,2,,,1,1,1,,2,2,2,1,1,1,2,1,1,1,,1,2,,1,,1,
417,1,1,1,1,2,,1,2,1,1,3,,1,,1,,3,1,1,2,,,2,1,3,,2,1,2,,,1,,,2,,,1
418,,1,1,1,3,1,,2,,1,,,,,1,1,1,1,,,,,2,,1,2,2,1,1,2,,2,,3,,3,3,2
419,,2,2,,1,,3,,,1,2,,1,1,1,2,1,,2,,,,,2,,2,2,1,1,2,,2,1,1,1,,1,3
420,3,1,1,,,1,,,1,,,3,3,2,2,3,1,2,,2,,,,1,,1,2,2,1,,,1,1,1,1,,1,1
421,2,2,1,,,,1,,1,1,,2,1,,1,,1,2,4,1,2,,1,1,2,3,,,1,,1,,,1,2,1,3,
422,,1,,1,1,1,2,,1,1,,2,1,2,1,,1,1,3,,1,2,,2,1,,1,1,1,,,3,1,,3,,,3
423,,2,,,,,,2,,,2,,1,3,,2,,1,1,1,1,1,2,2,2,,2,,2,1,2,2,1,3,,,,2
424,1,,1,3,,1,1,1,,1,1,,,2,3,1,4,2,2,1,,,2,2,1,1,,,,,2,2,3,,,,,
425,1,,1,1,1,1,1,3,1,2,1,,2,2,1,2,3,,1,1,,,1,,1,3,,2,2,,,1,,,1,,,2
426,,2,2,4,2,2,,3,1,,1,,1,3,,,1,1,1,3,,,,,1,1,2,1,,,1,,1,1,,2,1,
427,,4,2,,2,1,1,,1,,3,1,,1,2,,,,2,1,,1,1,1,1,1,1,4,2,,1,,,1,1,1,,1
428,3,,1,2,,1,1,1,2,,3,1,1,,1,2,2,3,1,3,,3,,,4,1,,,,1,,,1,,,,,
429,2,,4,,1,,,2,1,1,2,2,,2,,,,,2,2,,1,1,2,1,2,,1,,1,1,,,,1,4,1,1
430,,1,,2,4,3,1,3,,,,1,2,,2,,,1,,,,1,1,1,,,1,3,,1,,,,2,2,2,2,2
431,1,1,1,2,3,2,1,,2,2,1,,1,1,2,,3,1,,2,,,,2,2,2,1,1,,,,,1,1,,1,,1
432,,2,,,,2,,1,,1,4,1,,2,1,,2,1,,1,,1,1,1,,1,1,1,2,,3,,,1,1,1,1,5
433,,1,2,1,,,2,1,,,1,1,1,4,,,1,,,1,,1,1,2,1,,2,1,1,2,2,2,,3,1,1,1,1
434,,1,1,,,,,,2,1,,,,,2,1,2,2,1,,2,1,,,2,2,1,3,2,2,1,1,2,1,2,1,2,
435,1,1,,3,,1,,,1,,1,2,1,,,2,1,2,3,,,1,1,1,2,1,,,1,,2,3,3,2,1,,,1
436,2,2,1,,1,,,2,1,,1,1,2,,2,1,1,2,1,,,2,3,1,,,1,,1,,2,3,1,,1,1,,2
437,3,1,,,1,1,3,1,1,1,,,2,,2,,,1,1,1,1,2,2,2,,2,1,2,,,1,,1,1,,1,2,1
438,2,,,1,1,1,,1,1,,1,2,1,2,,1,,,1,1,,,,1,4,1,2,1,,2,2,3,,2,,1,2,1
439,3,1,1,,,1,3,,,,2,2,1,,,1,1,1,,,,,,,3,2,1,2,3,2,,1,,,2,,4,1
440,,2,2,1,,3,,,1,,1,1,4,2,,,,1,,2,1,1,,1,1,1,3,,3,1,,1,,,,2,2,1
441,,,2,,4,2,1,1,1,1,,1,,,2,,,1,2,1,3,,,1,,2,,1,2,,1,3,,1,,,2,3
442,3,,1,1,1,,1,2,2,4,1,,,2,,3,1,,2,1,2,1,2,3,1,3,,,,,,,,,1,,,
443,1,,1,,3,,1,3,1,,1,,3,4,,3,1,,1,,3,1,,,,1,,3,,,1,1,1,1,1,,2,
444,,2,1,,2,,,,1,1,1,,1,1,1,,3,1,,2,1,,3,2,2,1,1,,2,,,2,,2,,1,3,1
445,,2,1,,1,1,,1,1,,1,2,,1,1,2,3,,,4,1,,1,2,1,2,2,1,1,1,,1,,1,1,,1,1
446,1,2,3,1,1,,,,,,,,3,,,1,2,3,1,3,,1,,2,,,1,1,1,2,1,1,3,,,1,2,1
447,1,,1,,,1,,,,2,1,1,,1,2,,1,2,,2,1,1,1,2,1,3,2,1,,3,,4,,,1,2,,1
448,2,1,2,2,1,1,,1,,,2,,,1,1,2,,,1,1,1,3,,3,2,1,,2,2,1,,1,1,1,1,,1,
449,,,2,,2,,2,,2,1,,,,1,2,3,2,2,1,,,,,,,2,3,1,,1,1,1,5,2,,1,1,
450,1,,,1,1,,1,1,4,1,2,1,1,2,3,2,,2,2,,1,,2,,1,,1,,2,,,2,1,,1,1,,1
451,1,,,,1,,,1,,,1,2,1,2,,1,1,2,1,3,2,1,1,,1,2,2,2,1,,1,1,2,,1,1,1,2
452,1,2,,,2,1,4,,1,,3,1,1,2,1,,1,,1,,3,1,,,,,2,,,4,,1,1,2,1,1,,1
453,1,1,,1,1,,4,2,1,1,,,3,2,,1,1,,1,3,1,3,,,2,,2,2,1,2,,,,,2,,,
454,3,,1,1,,1,2,2,3,,,3,2,1,,,,2,1,1,,2,,3,4,,,2,,,,1,,1,1,1,,
455,,,2,,,,1,4,,1,1,,1,1,1,2,,,1,1,1,,1,1,,2,1,,1,3,1,2,2,,1,3,3,
456,1,,1,1,,1,,,2,,2,2,3,,,,,2,1,3,,1,,,2,1,1,,1,1,4,1,1,,,1,4,1
457,1,,3,2,1,1,,,1,,2,2,,,2,1,2,,2,1,,2,2,1,1,,1,,,,1,1,1,1,3,2,1,
458,1,1,,2,1,2,2,1,,,1,,2,,1,,,2,1,2,1,1,1,,2,,3,2,,1,1,1,,3,1,1,1,
459,,1,1,,1,,,1,4,,,,1,2,1,1,2,1,1,3,1,2,,,,4,,2,,,2,,,,2,4,1,
460,,1,1,,1,2,,,2,1,2,2,1,1,,,2,,1,,,1,2,1,1,,,3,1,3,,,,4,1,3,1,
461,,,1,1,1,,1,1,,2,1,,2,1,1,1,,2,1,1,3,,,,1,2,2,,1,,1,1,,2,2,2,4,
462,,2,1,,,2,,1,,,1,,1,3,1,2,,,,3,1,,1,,2,,,5,3,1,,1,1,2,1,3,,
463,2,,1,1,,2,2,1,,,1,2,,1,3,1,1,1,,,,3,,2,,1,1,3,1,2,2,1,,,1,,1,1
464,1,,1,1,,2,1,2,1,3,,,1,,4,3,1,,2,1,,1,,1,,,1,,1,,1,1,1,2,1,,1,3
465,1,2,,1,2,2,1,1,,1,1,,1,1,,2,2,,,,1,,1,2,1,,2,1,,1,1,,1,,1,2,3,3
466,1,2,3,1,,,,3,2,1,1,2,1,,1,,,1,1,,,,,1,,3,1,1,,,1,3,3,,2,2,1,
467,2,2,1,1,,,1,1,3,2,1,1,,1,,3,1,,1,,1,,3,1,2,,1,1,1,1,,,,1,,2,1,2
468,,,,1,,2,1,3,,,,1,,1,2,2,,1,3,1,2,3,,2,,1,1,1,1,3,1,1,1,1,1,,1,
469,2,2,,2,1,1,,1,2,,3,2,1,2,3,1,1,1,3,1,1,,2,1,1,,,2,,,,,,,,1,,1
470,,2,3,1,1,,,1,2,2,1,,,1,1,,,2,,2,4,,1,1,2,1,2,,2,,1,,,1,1,,1,2
471,2,,3,1,1,1,1,2,,2,,1,2,,3,,1,1,,1,,1,,,2,,1,1,,1,1,,2,,2,1,2,2
472,1,2,2,1,,1,1,3,1,1,1,,2,,2,,,2,1,,,1,3,,1,,,1,2,1,,3,,1,2,,1,1
473,2,2,,1,2,1,,,,1,,1,3,1,2,1,1,1,1,1,2,1,,1,1,,1,,2,,3,1,,2,,,3,
474,1,,2,2,1,1,,,2,,1,2,1,,,1,2,2,,,1,,1,1,1,,,,2,1,4,,2,1,3,2,,1
475,2,,3,2,2,1,,1,,1,,,1,3,,1,2,1,1,2,1,,1,,2,,1,1,1,,3,,1,2,,2,,
476,2,,,,1,,1,,,1,2,,1,,2,,1,2,2,1,3,1,1,1,,2,1,2,,2,2,2,1,1,,1,,2
477,,3,,2,2,,,,1,6,1,,1,1,1,4,1,1,,2,,1,1,2,,,,1,,,1,2,1,1,2,,,
478,3,,2,,1,2,,,1,,,,,1,2,1,,3,3,2,1,1,,2,1,,1,2,1,1,4,,,1,,,1,1
479,1,2,1,1,1,5,1,,1,,,,1,4,,1,,2,1,2,1,2,,,2,1,1,1,1,1,1,1,1,,1,,,
480,1,2,,2,1,2,2,,,1,,1,1,1,2,,,1,4,,2,,1,,1,,2,,1,1,1,,2,1,,1,3,1
481,2,1,,3,1,,1,,1,3,3,1,1,2,,1,1,2,,,1,,,,,,1,,4,1,1,1,1,2,,1,2,
482,,4,2,1,2,1,2,1,,,1,,1,,1,1,,,2,1,,1,,2,,1,2,2,1,1,1,1,1,1,1,,,3
483,1,1,,,,2,2,1,3,4,,1,1,1,1,,,,,,,1,1,1,2,1,2,2,1,,,3,2,1,2,,1,
484,1,3,,3,,2,1,,3,,,,,,2,1,,2,,1,1,,1,,1,,2,2,3,1,1,2,1,1,2,,,1
485,2,1,1,2,,2,,,,,1,2,,1,,1,2,1,2,2,1,1,1,2,,,,,1,,2,1,1,1,1,,3,3
486,,1,1,1,,1,2,4,1,1,1,1,1,,,1,1,2,,1,,1,,1,,1,,2,1,,1,2,,1,2,1,3,2
487,1,2,3,1,1,,,1,,1,3,1,2,2,,,2,,2,1,,,,,,2,1,2,,2,,,2,1,1,,3,1
488,,2,1,,,3,,,,2,3,1,,1,1,1,1,2,2,,1,,1,,,,3,2,1,1,1,,2,,2,2,1,1
489,,1,1,1,,,,1,1,2,2,2,,2,1,2,,2,1,,2,,3,,2,,1,,1,,2,2,2,2,,1,1,
490,1,1,,1,1,,,1,,3,,1,3,1,2,2,,1,,1,2,2,1,1,1,1,,,,2,1,,1,,2,2,1,2
491,,1,2,,,,1,1,1,2,,1,,1,1,,1,2,1,2,1,1,2,,,2,2,2,1,,,,1,1,2,2,1,3
492,2,2,,2,,,1,1,1,,2,1,1,3,2,,2,2,3,,3,2,,,,1,,2,1,,,,1,,,1,2,
493,1,,,1,1,1,1,2,1,1,,,1,,1,1,1,1,2,3,1,1,,1,,,,,1,2,3,1,,2,3,2,,2
494,2,1,,2,,3,,3,1,,,1,2,,,1,1,1,,1,1,,,1,,1,2,1,1,1,1,2,1,,3,2,1,1
495,2,,1,1,,1,1,,,1,3,1,2,3,,1,2,1,,1,1,,1,3,2,3,,,,,2,,,2,2,,,1
496,,,,1,1,,3,2,1,3,2,2,3,3,,1,,,,3,2,1,,,1,2,,1,,1,,,3,1,,,,1
497,1,1,2,4,2,1,1,,,,,2,1,,1,,1,1,1,1,3,1,1,1,,,1,,2,,2,1,2,,1,1,1,1
498,,1,3,1,,1,2,,2,2,,,,1,2,2,1,,1,,2,,2,,,3,,1,1,1,1,2,,1,,2,3,
499,1,2,1,3,,1,,2,1,2,1,2,4,1,2,,,1,2,1,,2,,2,,,,,,1,1,,,1,1,2,1,
500,1,3,,,1,2,1,,,4,2,,2,3,,,1,2,,1,1,1,,,1,,2,1,1,1,1,3,,,2,1,,
501,,6,2,,1,,1,,,4,,2,,2,,,,,2,3,,1,2,,,1,3,,2,,2,1,,,3,,,
502,2,1,,,3,2,1,1,,3,,,,,1,,1,1,2,,1,1,3,6,1,,,2,,1,2,,,1,1,,,1
503,,3,,,,2,1,2,1,,2,1,1,,2,1,2,1,2,2,3,,,,2,2,1,,,,2,1,1,,,1,2,
504,,1,2,,2,,,3,4,,3,1,1,2,,2,,1,2,1,2,,1,1,,,3,,,2,1,,1,1,,,1,
505,,,2,1,1,2,2,,,1,1,1,1,,,1,1,1,3,,,4,1,2,2,,,1,,1,1,1,,,1,1,3,2
506,1,1,,,1,,1,1,1,2,1,,,,1,1,1,2,1,,1,1,2,1,1,3,,1,1,1,,1,,,2,3,2,3
507,1,,2,4,,,,,1,1,,1,2,1,2,1,,1,1,1,,1,,2,,1,2,2,2,1,1,,1,,2,1,1,2
508,2,1,2,,,1,1,6,1,1,,1,,2,,1,2,1,1,1,1,1,2,,,2,,1,1,2,,1,,,,,1,2
509,1,,,,1,3,4,1,1,1,2,,,,2,1,2,1,1,,2,1,,1,2,2,1,1,,,,4,,1,2,,,
510,1,,,1,1,2,,1,2,2,1,2,,1,,,2,2,1,1,,1,,1,1,2,2,,1,2,1,1,1,1,2,,,2
511,2,,1,1,,3,1,,,4,1,1,,,1,1,1,1,,1,3,,1,1,,,1,1,2,1,1,,2,1,5,,,
512,1,1,1,,1,,3,1,2,1,,,1,3,,,1,2,1,1,,1,1,,1,,1,1,2,1,1,1,3,,,2,2,1
513,,1,,,2,2,,,,,1,2,1,2,,1,1,,,1,3,1,2,2,1,2,2,1,,1,2,,1,,2,,3,1
514,,1,,,,,2,,1,2,2,,,2,2,1,1,3,1,,,1,,,1,1,1,1,,3,2,2,1,,2,1,1,3
515,,1,1,,2,5,,,1,1,2,2,1,1,1,1,,,1,,2,1,1,1,,,3,1,1,1,1,1,,,1,2,1,1
516,1,1,1,1,2,1,1,2,,,,2,1,3,1,1,,,,1,2,2,,1,,,,2,,2,2,1,1,2,1,,3,
517,3,,1,,,1,,1,,,2,3,2,2,,,1,1,1,2,1,1,,1,,2,1,,1,1,1,2,,2,2,2,1,
518,2,3,,1,1,1,2,3,2,1,2,1,,1,,2,,1,,,,2,2,2,1,4,,1,,,,,1,,,,1,1
519,1,1,1,,,3,,1,,3,2,2,2,2,1,,,,,1,1,2,,,2,2,,,2,1,,,,2,3,2,1,
520,1,3,1,1,,1,3,1,1,1,,1,,1,1,4,1,,1,2,,2,,,1,1,1,,2,,,,2,1,1,2,1,
521,2,,1,1,,,1,1,1,1,2,1,,,,1,2,,1,3,3,,1,1,,,,,2,,6,1,1,1,2,1,,1
522,2,,3,,2,,,,2,1,2,1,1,1,,,1,,1,2,,,1,,2,1,,2,1,3,,,,2,2,4,,1
523,,2,,1,2,1,1,,1,,3,,,,,2,1,1,1,1,1,2,,2,1,1,,,1,,2,1,1,2,2,1,2,2
524,,,1,2,1,,1,,1,,3,,1,,2,2,,2,1,1,1,,2,2,2,2,1,1,,,1,2,1,1,1,2,1,
525,,2,3,,4,2,2,2,,1,,1,,,1,2,1,,,,1,2,,1,,,,3,,,,2,2,1,2,,3,
526,1,,2,,1,,1,1,2,,1,2,,,2,1,2,2,2,,,2,,1,2,,,,,2,2,,2,,2,3,,2
527,,,,2,,1,,2,2,3,,2,,1,1,1,,3,2,4,1,,,1,2,2,1,,,,,2,,,3,1,,1
528,2,2,1,2,,,2,1,2,2,,,4,2,1,1,,2,1,2,1,,1,1,,,,1,,1,1,1,2,,,2,,
529,,1,3,1,,1,,3,2,1,,2,1,,1,,,3,,2,,1,1,1,1,3,,,2,1,1,,2,,2,,1,1
530,1,1,,,1,,1,,1,1,1,,2,,5,2,,2,1,1,1,,,2,,2,1,1,2,1,1,1,2,,2,,2,
531,2,,1,1,2,1,,,,,,,1,1,,1,1,,1,,1,1,3,2,2,1,2,,2,,2,1,2,3,2,1,,1
532,3,1,2,,2,1,,1,,2,1,1,1,1,3,,1,1,,2,,,2,,,,2,,1,2,1,3,1,1,1,,1,
533,1,,2,2,1,,1,,1,2,1,3,2,,3,1,2,,,,,2,2,1,,,2,1,1,2,,1,,,1,1,2,
534,1,2,1,,1,,1,2,,1,3,1,,,,2,,1,2,,1,1,1,3,2,,1,,,1,1,3,2,1,2,,1,
535,1,,,1,1,1,,,1,2,2,,1,,2,1,1,4,2,,1,,1,1,3,1,,,,,,3,,2,2,1,2,1
536,1,,2,1,1,,,2,1,,1,,2,,,,3,1,1,2,2,3,2,1,2,,1,1,,,,1,1,1,3,1,,1
537,,1,,,,1,3,,1,1,1,1,,1,2,,1,1,2,,,5,2,2,3,,1,1,,1,,,1,1,,2,1,2
538,1,2,2,1,1,,,,,3,1,2,3,1,,,3,,,,,1,1,,,,1,2,,3,1,2,2,1,1,,1,2
539,1,1,,,,2,2,1,1,1,1,,2,1,2,1,2,,1,1,2,1,,,2,,3,1,1,2,,1,1,,1,2,,1
540,,,1,,,1,,,1,1,2,2,2,,2,4,5,,1,,,,2,3,1,4,,,2,,,1,,1,1,1,,
541,1,1,1,1,,1,1,1,1,,1,3,,1,1,1,2,2,1,,,1,1,,1,,2,2,2,1,4,,2,1,,,,1
542,,2,2,1,2,1,4,,1,1,1,,2,1,,,,1,2,,2,,,,1,3,1,1,1,3,1,,,1,,2,,1
543,2,,,,2,3,,,1,,,2,1,1,1,1,,1,4,1,1,2,1,1,1,2,,1,,,1,,2,1,1,2,,2
544,2,2,,3,2,3,2,1,,,1,,2,,1,1,1,,2,1,,1,1,,1,1,1,1,3,1,1,1,,2,,,,
545,,,1,,1,1,5,1,,2,,,2,1,,1,2,1,3,3,,2,,,1,2,,2,1,,1,1,,,,1,1,2
546,1,1,2,,1,1,6,,1,1,1,3,1,,2,1,1,,,1,,1,1,,2,,,1,2,1,,,2,,,1,1,2
547,,,,3,1,1,1,,1,,,1,,,1,2,1,1,3,1,1,2,1,3,2,,,1,1,2,,2,1,1,,1,2,1
548,1,2,,,1,2,3,,,1,1,3,2,2,,1,1,2,,2,1,1,1,1,1,,,,1,3,1,,1,,1,1,1,
549,,2,1,,1,1,,2,4,1,1,,,,2,2,3,,,1,1,,,,2,,1,1,1,4,,2,1,,1,2,1,
550,1,,1,,,,,,,2,1,4,2,1,1,2,1,1,,1,1,1,2,1,1,2,1,2,4,,2,1,,,1,1,,
551,,,3,,2,,,,,1,,,1,1,,2,,1,3,1,,1,2,2,1,3,1,,,2,2,2,2,2,1,1,1,
552,1,,,,1,1,,3,1,,1,1,3,,2,1,2,,2,,1,4,2,2,2,2,,,,2,,,2,,,2,,
553,,1,1,3,,3,,1,1,,,2,,,2,1,2,,2,1,1,,,,1,1,2,,2,2,2,1,2,,2,1,,1
554,1,2,1,,,,,1,4,3,2,1,1,1,,,,3,,1,,,1,,,2,1,,,,3,3,1,2,1,1,,2
555,,2,,3,3,,1,,1,,1,2,,1,,2,1,,4,,,2,1,,1,2,,1,2,1,,,,1,2,3,,1
556,1,1,,1,1,2,,,1,1,,,2,2,1,1,,3,2,2,1,,1,4,,1,,,,1,3,1,,,2,2,1,
557,,3,1,,2,2,,,2,,2,,,,,2,,,1,,3,1,1,,,1,1,2,1,,3,,3,2,2,1,,2
558,1,2,,1,2,2,,,,3,2,1,1,,,2,,1,,1,1,2,1,,1,,2,1,4,2,1,,1,,1,2,,
559,,,,,,,1,2,,1,1,2,,,,,2,2,2,,1,1,1,2,1,2,2,2,1,,1,2,1,4,1,1,,2
560,,1,1,,1,,,,1,,3,2,1,3,,,,2,1,2,,2,1,2,1,1,1,2,1,1,1,1,1,1,1,2,,1
561,5,,1,1,2,1,1,,,,4,,2,,1,,,1,,,2,1,,1,1,3,1,,3,,,,,1,2,,2,2
562,,,1,1,,1,,,1,1,,1,,,3,,,2,2,1,1,3,3,2,1,1,2,1,1,1,1,2,,,,1,2,2
563,2,,,2,,2,,1,2,,,2,,1,,1,1,,1,1,3,2,2,,1,2,,2,2,,1,,1,1,1,3,,1
564,2,,2,,,,3,1,1,1,,,,1,,4,1,,1,1,,,2,2,2,,2,,2,,1,1,,2,1,1,4,
565,1,1,1,1,4,1,1,1,2,,1,2,2,1,,1,,,,,,,3,,,,1,,2,3,,1,3,1,,,1,3
566,,2,,,1,2,1,1,1,2,,,1,2,1,1,,3,,2,2,1,,1,1,,1,2,,,3,1,1,1,,1,1,2
567,1,1,,2,1,,,3,,2,1,2,1,1,,,1,2,,1,1,2,1,4,1,2,,1,,,1,1,1,1,,,2,1
568,3,,1,1,1,,1,1,2,,4,,2,1,1,3,,,,,1,,2,,,,2,1,2,1,1,1,,2,3,,1,
569,2,,3,1,2,,,2,1,,1,,2,,2,2,,3,2,,1,,1,,2,,2,,1,2,,1,1,1,1,1,,1
570,2,,3,,1,3,,1,2,,1,,,,,1,1,,2,2,1,,3,1,,1,,,2,2,2,,,,,5,1,1
571,1,,3,,2,2,2,,2,1,,2,,2,1,,,1,,,1,,1,1,1,3,1,3,2,,,,1,3,,,1,1
572,3,,1,1,1,1,1,,,,2,,,2,,1,3,1,1,1,3,2,1,2,,,2,2,,1,,,1,,1,,2,2
573,1,1,,1,1,1,2,,,1,4,2,,,,,1,3,4,1,1,1,,1,1,,1,1,,3,1,1,,,2,1,1,
574,1,3,2,1,2,,2,3,1,,1,2,4,1,,,1,,,,,1,2,,2,,,1,,2,,,,2,1,3,,
575,1,3,,,,1,1,2,2,,1,,,,1,1,2,3,1,3,1,2,,1,2,,2,,,2,,2,,,2,,2,
576,2,1,,2,3,2,,1,,2,4,1,,2,2,,,1,2,,,2,,,1,1,1,1,,,,1,1,2,2,,,1
577,1,,1,,2,3,,1,,2,1,1,,2,2,,,1,1,2,,2,,2,,3,,,1,1,1,3,1,,,1,1,2
578,,,,,2,1,,1,,,1,1,,3,2,,1,1,4,,1,3,,1,1,3,,1,2,,3,2,1,,2,,,1
579,,,2,2,1,,,3,1,2,,3,1,,,2,1,1,3,,1,1,2,1,2,,,,,,,2,,1,2,2,,2
580,,1,2,,1,,1,2,1,,1,,2,2,1,1,1,2,,2,1,2,1,1,,1,1,1,2,,2,,2,1,1,2,,
581,1,1,,2,,,2,1,3,1,1,1,2,3,1,,1,,,,1,1,,2,2,,,1,,2,1,2,3,,2,,,1
582,2,1,,1,1,,3,1,,2,1,2,1,1,2,2,1,1,1,1,,,,3,,2,,,2,1,,1,,,1,,4,
583,1,,,2,4,2,,,1,1,1,3,,1,,,1,,,6,1,1,1,1,,2,,,1,,,1,1,2,2,,2,
584,3,,,3,,,2,1,2,,1,,1,,1,2,,1,2,,4,1,1,,,1,2,1,2,1,2,,,1,1,,1,1
585,1,,,,,1,,1,1,2,3,1,1,1,,2,1,2,,1,1,,3,3,,2,,2,,1,,1,1,1,1,1,1,2
586,1,2,1,,,,,,2,1,2,,1,3,1,1,2,1,1,1,1,1,,1,3,3,,,,,2,,,2,2,2,,1
587,,1,,,,3,1,1,1,1,3,1,1,1,1,,1,,,,1,4,,,1,1,2,,1,1,,3,2,4,1,,,1
588,2,,,2,2,,,,3,1,1,1,3,,,1,,1,2,,,2,1,,1,2,1,1,,2,2,1,1,1,,,2,2
589,1,,,,2,1,1,1,1,,1,1,2,2,1,4,,,2,1,1,1,2,2,2,1,1,1,,,1,,,1,,,2,2
590,,1,2,2,2,2,1,,1,1,3,1,1,,,1,,1,,,1,,,,6,2,1,,2,1,,,,3,1,,,2
591,1,1,,1,1,,1,1,,3,,2,,2,,,2,1,3,,2,1,2,2,,1,1,,,1,,,1,3,1,2,,2
592,2,1,2,1,2,1,,1,,1,1,,1,,2,2,,1,2,1,4,2,1,,,1,1,1,,1,,,2,,1,1,2,
593,1,1,1,1,,,1,1,,3,,1,1,1,2,1,,1,2,,2,3,4,,,1,2,,1,1,,1,1,2,,1,,1
594,,1,1,,3,,,2,,3,4,1,,2,1,1,,,1,,1,,,1,1,,3,3,1,,,,2,1,2,2,,1
595,1,1,2,,1,,,1,,,,,1,1,2,1,3,1,1,1,,,,2,1,,3,1,2,3,1,2,1,2,,,3,
596,1,,,1,,2,1,1,1,1,1,1,,2,2,2,1,2,,,,2,3,,,1,,,,4,,,1,2,,3,1,2
597,,,2,1,1,,1,,3,3,1,1,3,,1,3,1,,1,2,,1,3,,,2,,1,2,1,,,1,,,,1,2
598,1,1,1,,2,1,,1,1,,1,,,1,,3,,2,2,,,2,1,1,2,2,4,2,1,2,1,,,,1,1,,1
599,1,1,1,1,1,1,1,,2,,2,2,,2,,,1,,,1,2,1,2,,,2,1,2,1,2,,1,,1,2,4,,
600,2,,2,1,,,2,,2,,1,1,,,4,2,1,3,,2,1,,3,1,,2,,,,1,1,1,1,1,,1,,2
601,2,,3,,1,,1,3,,4,1,,,1,1,1,1,3,,,1,,1,1,2,,,,,2,1,1,1,,,1,4,1
602,,1,1,1,,,2,3,1,2,3,1,,,1,2,2,1,,2,2,,3,,,1,2,2,1,,1,1,,,1,,1,
603,,1,,1,,1,,1,1,,2,,1,3,,,2,2,1,1,,3,,1,1,3,,1,2,2,1,2,2,,,1,1,1
604,1,,,,3,1,1,1,,,,3,1,,,2,,2,,,3,2,,,1,2,2,,1,2,1,2,,2,1,,1,3
605,,,1,,,1,3,1,,1,2,1,1,3,1,1,2,,,2,1,2,2,,,,,1,2,1,,3,,,1,1,2,2
606,1,,2,3,1,,2,,,,1,1,,,2,1,1,3,,,1,,1,2,,1,,2,,1,1,3,2,,1,1,2,2
607,,2,5,,,2,,1,,1,1,,1,,1,1,1,,1,3,1,,2,1,1,,2,2,3,1,1,,,1,2,,,1
608,1,1,1,1,,,,,1,2,2,2,1,1,,,2,2,,,,1,1,1,1,4,,2,1,1,,,2,2,2,,2,1
609,1,,1,1,,,1,2,3,1,2,,1,1,4,1,1,2,1,,1,1,,,2,2,,,1,,1,1,,2,2,,,2
610,,,1,1,,1,1,5,,,2,,1,1,,1,1,2,,1,1,2,1,1,1,,3,4,1,1,1,,1,1,,1,1,
611,1,1,1,,1,,1,,1,1,2,2,2,1,,,,2,5,2,2,,2,1,,1,1,1,1,,,1,1,2,,1,,1
612,1,,1,1,,2,4,1,1,1,1,1,1,1,1,1,1,2,2,2,1,1,1,2,,,,2,,,,2,,2,,1,1,
613,1,1,2,,2,3,,1,,1,2,,,,,,1,1,,1,2,1,2,,,4,,1,2,2,,,,2,,,5,1
614,,1,1,3,2,1,1,,,2,1,1,,2,2,1,1,1,2,1,,,,,2,2,3,,,1,,1,2,2,1,,1,
615,,,2,,4,1,1,2,1,1,1,1,,1,1,2,1,1,1,,1,2,1,2,,,1,1,1,1,,1,1,1,,2,1,1
616,1,1,2,1,,4,,,,1,2,,3,1,,1,4,,2,1,,,1,2,1,1,1,1,,1,,2,1,1,1,,,1
617,1,2,1,3,,,1,2,,1,2,2,1,1,1,,3,,2,1,,1,,,1,,,2,,1,2,,3,1,,1,,2
618,,,2,,1,4,,2,4,,,1,,,,3,,,1,,,2,,1,2,2,2,,2,1,,1,2,1,1,1,1,1
619,,,1,,1,,,1,2,1,1,1,2,2,,2,2,1,1,1,2,2,1,2,,1,2,1,,1,2,,2,,1,1,,1
620,1,,,,1,,,2,3,1,3,2,3,1,2,1,,1,1,,1,,,,2,2,2,,3,1,,2,,1,,1,1,
621,,1,2,1,1,1,1,1,,,1,2,1,,2,2,3,1,1,2,,1,1,1,,1,,3,,,2,,,,1,3,1,1
622,,,,3,2,,,,,2,1,1,2,3,,2,,,1,,1,,2,1,4,1,1,1,,3,,1,,2,1,1,2,
623,1,2,1,1,1,1,1,,,2,2,2,1,3,1,1,2,,1,,1,,2,1,,,,1,1,1,1,1,2,2,1,,1,
624,,1,,2,2,1,,,,2,2,2,,1,,1,,1,1,2,,2,2,1,2,1,1,1,1,,1,3,,2,1,2,,
625,1,1,,1,,1,,3,1,2,1,,,1,2,3,2,,2,,1,1,,1,,6,1,1,,,1,1,,1,1,2,,
626,3,,3,1,,1,1,,,3,,,1,,1,1,1,2,1,1,1,,1,1,1,2,,1,,,,2,,2,,4,,3
627,2,1,1,1,,,,2,2,,,,1,,2,3,,1,1,,,3,1,,1,1,,1,4,2,,1,,1,3,1,1,1
628,,1,,1,3,,1,,1,,2,2,1,,1,,1,3,2,,1,1,1,1,,1,,,1,1,2,2,2,1,1,3,1,
629,,,,,2,2,1,3,,,1,2,,1,2,3,1,,1,,2,1,2,,,3,1,1,2,,,,1,1,1,3,,1
630,1,2,,,2,4,2,,1,3,1,2,1,,2,2,1,2,,,,,1,1,1,,,,2,2,1,,1,1,1,,,1
631,3,,,,1,2,,,1,1,,,,1,2,1,3,1,1,,,1,2,2,1,2,2,1,4,1,1,1,,,1,1,1,
632,1,,1,2,1,,1,2,,2,,,,1,2,1,,3,2,2,,,,2,2,4,1,,,1,1,2,1,,2,,,1
633,3,1,1,2,,1,,,,1,4,,1,,,1,1,1,1,2,,1,1,1,2,,1,,1,,2,1,1,2,1,2,1,1
634,,1,2,2,,2,,1,1,2,,2,1,,1,1,1,2,2,1,,3,5,,,2,,,1,,4,,,,,,,1
635,1,2,,1,2,2,3,1,3,1,2,1,1,,,1,,1,1,,1,,1,2,,,,,2,,1,2,1,2,1,1,1,
636,2,2,,,,1,2,,,,1,1,,2,2,,1,3,1,1,1,1,3,2,1,1,,2,,3,,,,,3,1,1,
637,,2,2,1,3,,,1,,2,,1,,1,1,2,,1,2,3,3,,,1,,,1,2,,,1,1,2,1,3,1,,
638,,,,2,,1,3,1,,,2,,4,,,2,2,,1,2,2,2,2,,2,,,3,1,2,1,1,,,,1,,1
639,1,2,,3,1,,2,2,1,,,1,3,2,1,2,,,3,1,,,1,1,1,1,1,,,1,1,2,1,,2,,1,
640,2,,1,1,2,1,1,1,1,1,,,1,2,,1,2,1,2,,,3,,1,,,1,,2,1,2,1,,1,2,2,1,1
641,3,3,,1,,,2,1,1,,1,1,2,1,1,2,,2,1,2,1,1,3,,,2,2,1,,1,,1,,1,,1,,
642,1,,1,,1,,2,2,1,2,1,1,2,1,,,3,2,1,,1,,1,1,,1,1,,,1,2,2,2,2,1,2,,
643,1,1,,1,1,2,2,2,,1,1,2,2,,,1,,2,1,2,1,,,,1,1,1,2,,1,,1,1,1,4,,1,1
644,,1,,,2,3,,1,3,,,1,,1,1,2,,3,,1,,2,,5,2,3,,1,,1,,1,1,2,1,,,
645,,,1,,2,1,,,3,,1,,1,2,1,1,2,1,2,1,2,,,1,1,2,2,1,2,,1,1,1,1,,2,,2
646,1,,1,4,2,1,2,1,1,4,2,,,,1,2,,1,1,1,2,,1,,1,1,,,1,,3,1,1,,1,1,,
647,,1,2,1,1,3,,1,,,1,3,,1,,1,1,,2,,,,2,1,1,1,1,1,2,,2,,1,1,2,,3,2
648,1,,2,,,1,2,,1,1,,1,,1,1,1,1,2,4,1,,2,,1,,1,3,,1,3,1,1,,1,,,2,2
649,1,,2,,1,3,,1,1,2,1,1,2,2,2,,1,1,1,1,1,,1,2,,2,1,1,2,,,1,,,2,1,1,
650,3,2,1,,,1,1,,,1,,1,2,,1,1,2,,1,2,1,,,6,,3,,1,2,,,2,,,1,1,1,1
651,2,1,,1,2,3,,2,,,,1,1,1,,3,1,2,3,,1,3,1,1,1,,1,2,1,2,,,,1,,,,1
652,2,,1,,1,,2,2,,,2,1,3,1,,1,1,,1,1,1,2,,1,2,1,,1,1,2,1,,2,1,2,1,,1
653,1,1,,,4,,1,,2,2,1,3,1,2,1,,2,1,1,1,1,,,,1,2,,,1,1,,2,2,1,1,1,1,
654,2,,1,,2,1,,,1,,1,1,2,2,3,2,,1,1,,3,1,1,2,1,,,1,,3,,1,3,,,1,1,
655,,3,2,,,1,1,,,5,,,2,1,1,3,,1,1,1,1,3,1,,2,,1,2,,,1,,1,,,,2,2
656,3,,1,1,1,,1,1,,1,2,1,1,1,1,,1,,,1,2,,4,,1,1,1,1,,1,1,1,3,,1,3,1,
657,1,1,,1,2,1,,,,1,2,,,,2,1,,3,3,1,1,1,2,1,1,,1,1,3,,2,1,2,,,1,2,
658,3,,,,2,1,1,,1,2,,1,1,,1,1,2,2,1,1,,,1,,,1,1,3,1,,3,,1,,2,4,,1
659,,,3,,1,1,1,,,,,2,,1,1,1,2,1,1,,1,,2,,,,3,1,3,1,3,,3,,2,2,1,1
660,1,,,3,,2,2,1,,2,,1,,1,1,,,1,,1,,,,3,1,,2,1,2,2,2,1,2,1,1,2,,2
661,1,2,,2,1,2,1,,2,,,,2,2,,,1,1,2,1,1,,1,,1,,2,2,1,2,,1,,1,2,1,2,1
662,3,2,,3,1,2,,1,1,,1,,2,,1,2,2,,,1,1,3,,,1,2,,,,1,,2,1,2,2,,,1
663,,1,1,,,1,1,2,1,2,,2,2,,1,1,3,2,2,,,,2,1,1,,1,,,2,1,,2,,3,2,1,
664,,2,2,1,1,,2,1,1,,2,,1,1,2,,,1,2,1,1,2,2,1,1,,2,,1,1,2,1,,2,,,2,
665,3,,1,1,1,,3,1,,1,1,2,3,,1,,1,,,,,,,2,1,1,1,2,1,2,2,1,1,1,2,1,,1
666,3,,1,,2,,3,,1,1,1,2,1,1,,1,2,1,1,1,1,2,2,3,2,1,2,,,,,1,1,,,,1,
667,,1,,,1,1,1,2,,1,,1,1,,1,,1,,3,1,1,,2,1,1,1,1,4,2,2,2,,1,,2,2,1,
668,1,,,,1,3,,1,1,1,1,2,,2,2,1,1,,1,1,,1,,1,,1,2,,3,,,1,2,1,1,2,2,2
669,1,3,2,3,,2,1,,2,,,2,2,,1,,2,1,1,,1,2,,2,,2,,,1,1,,1,1,1,,,,3
670,1,3,2,,1,,,2,1,,,2,1,,,1,3,1,2,,1,1,3,1,,1,,,1,,2,2,,1,,1,,4
671,1,1,,1,,2,,1,1,1,3,,1,,2,,1,,3,1,2,1,1,3,2,1,1,,,,1,1,2,1,,1,1,1
672,,1,,2,1,3,,2,,,3,1,,1,,2,,2,3,1,3,4,,,,2,,2,,1,,2,2,,,,,
673,1,1,3,,1,,1,,,2,,3,1,,2,1,1,2,1,,1,,2,1,,,1,1,1,,1,,3,,1,5,1,
674,1,,2,2,,1,2,1,,,,1,1,1,,1,,2,1,1,2,1,1,2,,1,1,1,1,1,2,1,1,2,,,2,2
675,,,2,1,2,1,3,,1,2,,1,2,,1,3,,2,3,,,,1,1,1,1,1,1,1,,3,1,1,1,,,,1
676,1,2,,2,2,,,1,1,,2,1,,2,,,,1,2,1,1,1,1,3,1,,1,2,,2,3,,1,1,,,2,1
677,1,2,,1,2,,1,,,1,,,4,1,1,3,,2,1,1,1,1,1,2,2,,1,,,1,1,1,2,,,,2,2
678,1,1,,2,1,1,,,1,,1,,3,1,1,5,1,2,1,1,1,1,,,,1,,4,1,2,,,,1,2,,,2
679,3,,,1,2,3,1,,1,,1,,1,1,2,2,1,,3,,1,2,1,1,,1,,,,1,1,3,,,1,1,2,1
680,,2,1,2,2,,1,1,,2,1,,1,1,,3,1,,1,3,,1,,1,2,2,,2,1,,,,,1,1,2,1,2
681,,1,,,1,3,2,4,1,2,,2,1,,1,,,2,1,,,3,1,2,2,3,1,1,1,,1,,,,,1,1,
682,1,1,1,2,,2,,,4,,1,,3,2,3,,,,,1,1,1,1,4,,1,2,,1,,1,2,,,2,,,1
683,,,1,1,1,,,,1,2,2,2,1,,,5,,,2,,1,,1,2,1,1,,4,2,2,,1,1,3,,1,,
684,2,1,1,,,,,,,2,1,1,,,1,,,2,,1,2,,2,,2,1,,,1,3,1,,,3,3,1,3,4
685,1,1,,1,,,,,,1,1,1,,,,,3,1,1,2,3,1,,1,3,,2,1,2,1,3,1,3,2,,1,1,
686,,1,1,1,3,1,,2,,,,,1,1,,1,1,1,,2,1,2,1,2,1,1,1,,3,1,2,3,,,2,1,1,
687,3,,2,,2,1,2,2,,1,1,2,2,,,,1,3,,,1,,,1,2,,,2,,,1,1,1,2,1,,,4
688,2,1,1,1,2,,1,1,2,3,1,1,1,,1,1,,,1,1,2,1,1,1,,1,2,2,1,1,,1,,,1,1,1,1
689,2,1,1,1,1,1,3,,2,3,2,,,2,,,,1,,,2,3,,,2,,1,1,1,4,,,1,1,,,1,1
690,1,,3,,1,,1,1,,,1,2,3,1,1,1,1,1,,,,3,2,3,1,1,1,,,1,2,1,1,1,,2,1,
691,2,,4,2,,,2,1,,1,,,,3,1,2,,1,1,2,,2,2,,1,1,2,,,1,,1,,2,3,1,,
692,1,1,1,2,2,1,1,,,4,,2,2,,2,3,,2,1,,2,1,,2,1,,1,,1,,1,,,1,,2,,1
693,3,1,,,2,2,,1,3,,,1,1,,,2,1,2,,1,,,3,3,2,,,3,2,,1,2,1,,,1,,
694,4,2,,1,,,,1,,1,1,1,2,1,,2,2,1,1,1,2,1,,1,,,1,1,,1,2,1,3,1,2,1,,
695,,2,,,2,,1,1,1,,2,,,,,5,2,1,1,1,2,2,,1,,2,1,,1,2,,1,1,3,,1,2,
696,2,1,3,1,,,1,1,1,,1,1,1,1,,4,,1,,1,3,1,2,,1,1,,,1,2,1,2,1,,,,1,2
697,2,,1,,,1,2,1,,,2,1,1,1,,1,,1,,3,3,2,1,,1,2,1,2,,1,,,2,1,2,1,1,1
698,2,2,,,2,1,1,2,1,,1,3,,,1,2,1,,,,2,1,2,1,,,,,,1,,2,1,3,2,,2,2
699,1,1,3,,2,,1,1,,,4,1,1,1,4,1,1,3,,1,1,,,1,,,3,1,1,,2,1,,1,1,,,
700,,1,1,1,2,,3,,1,2,,,1,,,1,,,1,,1,2,,2,1,1,3,1,2,1,,1,1,2,,4,2,
701,,1,1,1,1,1,1,2,1,,,1,1,1,2,,,1,1,,2,1,2,1,1,1,1,1,,4,2,,1,1,,4,,
702,,,,2,2,1,1,1,,,,2,,1,1,3,3,1,,1,,3,1,2,,1,1,1,2,2,,1,2,1,1,,,1
703,1,3,,,,3,4,,,1,1,,,1,,1,3,2,1,,,,1,2,2,1,1,,1,2,1,,,1,2,,1,2
704,1,,1,,,2,1,,1,1,1,,3,2,1,1,,2,,1,1,1,1,1,,,2,,1,2,2,1,1,2,,1,1,3
705,,1,,1,,,,1,3,,1,,1,1,,1,,,1,2,,1,1,1,,1,1,6,1,1,2,1,1,3,2,1,2,
706,,,2,2,,2,,2,,,1,,1,3,5,1,2,,1,,,1,,1,2,2,,,1,2,1,,1,,1,2,,2
707,1,,3,3,,1,1,1,1,2,,,3,1,1,,,3,1,1,1,,1,3,,,1,2,1,,1,,,1,1,1,2,
708,,1,1,2,,1,,,1,2,2,,,,2,1,2,1,1,1,1,,3,1,,,2,4,3,,1,1,2,,,,1,1
709,1,1,2,2,1,4,,,,1,3,3,5,1,1,,,,2,,,,,1,,,1,,1,,,,2,,3,1,,2
710,1,3,1,1,2,3,1,,,,,,,1,1,2,2,1,,1,,1,2,1,,1,1,1,1,1,2,1,1,,2,1,1,1
711,2,3,,,3,2,2,1,2,,,1,,1,,1,2,1,1,,1,3,,1,,1,,2,1,2,1,,,1,,,2,1
712,,,1,1,,,,2,1,2,1,,2,,,,2,2,2,,2,,3,,,1,3,3,,2,1,1,,,1,2,3,
713,2,,1,4,3,1,2,2,,,3,,1,1,1,1,,,1,4,1,1,,,,3,1,,,1,,,,,1,1,1,1
714,,,1,4,,,,,1,3,1,1,2,,1,2,,4,1,,1,,2,,,1,3,4,1,,2,,1,,1,1,,
715,,,2,1,,,,1,1,1,1,1,1,1,2,1,1,,,,1,,2,,1,1,2,1,1,1,,1,6,1,2,1,1,2
716,,,,2,1,,1,1,,2,1,1,1,2,4,2,,1,1,1,1,,3,,1,1,1,1,,1,1,1,3,,1,1,1,
717,2,,3,,2,3,,,1,1,,2,1,1,,,,1,,1,,1,1,1,,1,1,2,2,1,1,1,2,1,3,,1,1
718,,2,1,1,,,1,2,1,3,2,1,1,,,,2,1,1,2,3,,2,,,1,1,2,,,,1,1,1,1,,4,
719,,3,,,1,,,2,2,1,3,4,,1,,1,,1,1,2,,,1,3,1,1,,,1,,1,2,3,3,,,,
720,1,,2,2,,,3,,1,1,1,2,3,,,3,1,,1,,2,1,,2,,,,1,,1,1,2,2,1,1,3,,
721,,2,1,2,,,,2,1,2,2,1,1,1,1,1,1,1,,3,2,2,,,,,1,1,,2,2,1,,,2,2,1,
722,3,2,,2,1,2,2,2,,2,,2,1,1,2,,1,1,,,1,,1,,1,,1,,,,1,,2,2,1,1,2,1
723,,1,,2,2,1,2,1,2,2,,1,1,1,,1,,1,,1,1,1,,2,1,1,1,,2,2,2,,3,,1,1,,1
724,1,1,,2,1,2,1,,,,1,,2,,2,1,3,1,,1,2,,,,,3,1,,2,1,3,1,1,2,1,1,1,
725,1,,1,3,1,2,1,,,2,2,1,1,,1,1,1,1,,1,,,3,1,,1,,1,1,2,2,1,1,,2,2,,1
726,2,1,1,,,1,3,,3,1,,1,1,,,2,,,1,,1,3,5,,2,,,1,1,,1,1,1,,1,1,3,
727,,3,,1,3,,1,,2,,,1,1,,1,,,,3,1,,,1,1,2,,2,1,2,1,1,2,3,1,1,1,1,1
728,3,1,,3,3,1,,1,2,2,1,,,1,1,1,,,,,1,2,2,1,2,1,1,1,,1,1,1,,1,,3,,
729,1,,,,1,2,,,,2,,,2,1,2,1,5,2,2,4,1,,,,3,,1,1,2,1,1,,1,,,2,,
730,1,2,,,1,1,1,4,1,1,,,,1,1,1,1,1,1,1,2,1,1,,1,1,2,,,1,2,1,,,3,2,,2
731,,3,1,2,1,2,3,2,,1,,2,1,,1,,,1,,2,,,2,,1,,1,1,,1,2,1,1,,1,2,2,1
732,1,1,1,1,1,2,,1,2,1,2,,,1,3,2,,1,1,,,1,,1,,1,3,3,2,,1,2,1,,,1,1,
733,,1,,1,2,1,1,2,,2,1,1,1,2,1,2,,2,1,1,1,1,2,1,1,2,,1,2,,,2,,,1,1,1,
734,2,,1,,3,,4,,,2,1,1,,2,1,1,,1,3,3,,1,,2,,,1,,1,,,2,1,,3,,1,1
735,1,1,,3,,1,2,1,1,,,1,1,1,,,,3,,1,1,1,2,,,2,,2,2,,1,2,2,2,,,3,1
736,,,3,3,1,2,,1,,1,,,,1,2,3,,1,,,1,2,1,,1,1,,1,2,1,1,2,,1,2,2,1,1
737,1,2,,1,1,,2,,2,1,2,,,,,1,,,,,1,1,,3,2,3,1,1,2,3,3,2,1,,2,,,
738,,2,1,3,1,2,,,,,2,2,1,1,1,2,1,2,2,,4,,,,,2,2,,,,1,1,2,1,,2,,
739,,1,,2,,1,1,,2,1,1,,1,,1,2,1,4,1,2,2,2,,,2,,1,1,2,,1,2,,,,3,,1
740,1,,,1,,1,,3,1,,2,,,1,1,2,2,1,,,,,1,,,4,3,2,2,,1,1,3,2,,1,1,1
741,,2,,,2,3,1,2,1,2,,1,,,,2,1,,2,3,,,,2,1,,,2,1,2,1,,2,2,,,2,1
742,1,,1,,2,3,,2,2,2,,1,1,2,1,1,1,,,,2,1,1,,,2,1,2,1,2,,3,,1,2,,,
743,,,,1,1,1,1,1,,,,1,2,,1,,3,1,1,2,1,2,1,,1,2,1,,3,,,1,2,4,3,1,,
744,1,1,2,1,,2,2,,1,,1,1,1,,2,,,1,2,2,1,1,,1,3,,,1,,1,1,2,2,1,2,,,2
745,1,,,2,1,,,1,,1,1,2,2,,,1,2,1,2,1,1,,2,1,3,1,2,,,2,,3,3,,1,,,1
746,,2,,1,1,1,,3,,1,,2,1,,2,1,1,,3,,2,,,1,3,,2,,1,1,,,2,,,4,1,2
747,,1,1,,,1,2,1,3,,1,2,1,1,1,1,2,,,,2,1,1,1,,2,,1,2,2,,1,,1,,3,1,2
748,,1,1,3,1,1,,1,1,1,2,1,,1,1,,1,1,,1,2,,,,2,1,1,2,,1,2,,,,,2,3,4
749,,1,,1,1,1,2,3,3,1,1,,1,,2,1,1,2,3,1,1,,,1,1,,,1,,,1,2,1,,3,1,1,
750,1,2,,1,,2,3,,3,,,1,1,,2,1,,2,1,,1,,2,,1,1,2,,1,,1,1,1,1,,3,1,2
751,2,1,,1,,,2,2,1,,,,,1,4,,2,1,3,,1,,1,,1,,1,1,1,2,2,2,,2,,,1,3
752,3,,,,,2,,,1,1,,1,1,2,,,,3,1,1,2,2,,1,2,1,1,1,,1,2,1,3,,1,2,,2
753,1,1,1,1,,1,1,,1,2,2,1,,,1,,,2,1,,2,2,1,,1,2,2,,,,,3,,2,,,4,3
754,2,,,1,1,3,,2,,1,1,3,,3,,1,1,1,2,,1,1,,,1,,,1,,,1,2,1,1,2,1,1,3
755,1,3,1,1,2,1,1,1,,,1,,2,2,,1,1,,,,,1,2,2,,1,1,1,,,2,4,1,,2,1,2,
756,5,,2,1,2,1,1,1,2,1,,1,2,,1,,1,,1,,,2,1,2,,1,2,,1,,2,,,1,,1,2,1
757,1,1,2,,2,2,,,,1,1,2,,,1,1,2,,1,1,,,,1,2,3,1,1,1,1,2,2,,1,2,,1,2
758,,1,,1,,2,1,1,,1,,,,,2,,1,,2,1,4,,1,1,,,3,,1,2,2,1,2,,1,1,4,2
759,,2,,2,,,1,,1,1,1,,,1,1,1,3,1,,1,2,2,1,1,1,1,1,2,2,,1,1,2,1,,2,2,
760,,1,1,,1,,1,1,,2,,,,3,4,1,,3,1,1,1,2,2,1,1,2,1,1,1,2,1,2,,1,,,,
761,2,,1,1,,2,,1,2,1,1,,2,1,1,1,1,,4,1,2,1,,1,,4,,1,1,1,1,1,,,,,1,2
762,3,2,,3,1,,2,2,1,,2,,,,,,1,3,1,,1,1,1,1,,1,1,,,,2,2,,,3,1,3,
763,,2,1,1,1,1,1,,1,2,1,2,3,,1,1,2,,1,3,1,3,2,1,,2,,,,,1,1,,1,,1,,1
764,,1,1,1,4,2,,2,1,,2,1,1,,,2,1,1,,,,1,1,2,,2,1,1,1,2,,2,1,,2,2,,
765,2,,,2,,2,1,,,,2,1,2,3,,2,1,2,2,1,,1,1,,3,1,1,,,2,,,1,3,1,,1,
766,1,,1,,,4,3,1,1,,,,1,2,1,3,,,4,1,,1,,,,1,2,2,1,2,2,1,1,1,,,1,
767,,,2,2,,,1,2,1,2,,1,2,1,2,1,,3,2,,,2,,1,1,,,1,1,,1,2,,3,,1,2,1
768,2,,2,2,1,2,1,2,1,1,,1,,2,,,1,,,5,1,1,2,1,2,,,,1,,2,,1,,1,1,1,1
769,,5,,,1,,,3,,,2,1,1,2,1,1,,1,1,,1,2,,,,,,,3,2,,1,3,,3,2,1,1
770,2,1,,,1,,,1,1,,3,,,2,2,2,,2,1,1,1,1,1,1,,1,1,1,,1,,3,2,1,2,1,,2
771,,4,1,1,3,,1,,2,,,2,2,,,,1,,,,1,1,2,4,2,3,1,1,1,1,,1,,2,,,,1
772,,1,,1,1,,2,4,1,,1,,1,,1,,2,,1,,2,2,,2,3,,2,1,1,1,,,3,2,,1,,2
773,,,,2,3,4,3,,1,,1,2,,,1,1,2,1,1,2,1,1,,1,,,,1,2,,,1,1,3,,2,,1
774,,,,,,2,1,1,,1,2,1,2,,,,,1,1,,1,2,1,2,,2,1,2,1,1,2,2,2,2,1,1,3,
775,1,,1,2,,,1,1,2,,1,,,,1,1,2,,1,,4,1,,3,,,1,3,1,1,2,2,1,3,2,,,
776,,3,,1,1,1,1,3,1,1,,,1,,,,2,,,1,2,,2,3,4,3,2,,1,,,1,,1,2,,,1
777,3,1,,2,,4,,1,1,1,,2,3,,1,2,,,,,1,1,,1,1,,,,2,,1,2,3,,,2,3,
778,,3,1,1,1,,1,,3,1,2,2,1,1,1,2,2,3,,4,2,,1,,,,,,,1,,,1,,1,2,1,
779,4,,1,1,2,,,,1,1,1,1,1,1,3,,,1,2,,,1,3,1,1,2,1,,1,,3,1,,,2,1,,1
780,3,1,,4,,2,,1,,,2,1,2,1,1,2,1,1,,1,,,,2,,1,1,,3,3,,1,1,,1,,1,1
781,1,1,1,,2,3,1,3,,,1,1,2,1,1,1,,1,,1,1,1,2,,,,,3,1,,,4,,1,2,1,,1
782,2,,3,,1,2,1,1,3,1,,1,,,2,1,3,,2,,,,,,2,1,2,1,,1,,1,2,,2,1,,2
783,,1,,1,3,,1,1,,3,2,4,,1,1,1,1,1,,1,2,,2,1,2,1,,,,2,2,,,1,1,1,1,
784,1,,,1,2,3,,1,,1,,1,,,1,1,1,1,,2,1,,1,2,1,,2,1,3,,,1,3,1,,4,1,1
785,1,1,,1,1,2,,2,1,2,,1,,,1,2,1,1,,1,1,,,,,1,1,,1,1,2,1,,2,2,3,3,2
786,,1,,,1,1,1,,1,1,1,1,1,3,,3,2,2,,,1,,1,1,,1,3,,1,,2,1,1,2,1,3,,1
787,1,,1,2,,1,,2,,2,1,1,1,,1,,2,1,1,3,1,,1,,,2,,1,3,2,1,1,,3,,1,,2
788,1,1,,,3,1,1,,1,1,,4,1,2,3,,,,2,1,1,,1,,1,3,,,1,1,3,1,1,1,,,1,1
789,1,1,1,2,,2,2,1,1,1,,2,,,3,1,1,2,,,2,3,1,1,,,4,1,1,1,,,,,,1,2,
790,,2,,,,,1,,1,,1,1,2,1,1,,2,,2,4,1,,2,1,2,1,,1,2,3,1,4,1,,,,,1
791,1,1,,,,2,1,,,,,1,2,2,,,3,1,2,,1,2,1,1,,1,,3,1,1,2,2,3,,1,1,1,1
792,3,2,,,1,,,,1,1,2,2,2,2,,3,3,,1,2,2,,,1,2,2,,,,,,,2,1,1,1,,1
793,,2,,1,,1,4,1,1,1,2,3,,1,3,2,,1,1,2,,1,,,,,,,1,,2,1,1,,1,4,1,
794,2,4,1,1,,1,,1,2,,1,1,2,1,,,,2,,1,,,2,1,1,2,,,1,2,2,,4,1,,2,,
795,,1,,1,1,,2,,1,3,1,2,,,1,1,1,1,1,,1,2,1,3,,3,1,1,,2,,1,,2,,,3,1
796,,3,1,,2,,3,,3,,2,3,1,,1,2,2,2,,1,1,1,,2,,1,,2,,,,1,1,,2,,1,
797,1,1,1,1,1,1,1,1,1,,,1,1,1,2,1,,2,,2,1,2,1,1,3,3,2,1,1,1,,,,,2,,,1
798,4,,1,2,,1,1,1,2,2,1,1,,1,1,1,2,1,1,1,,,1,1,1,1,1,3,,,2,1,1,,,1,,1
799,,,,1,,1,2,2,4,,1,1,1,,1,,2,2,1,,2,1,,,3,1,3,,1,1,1,1,,1,,2,2,
800,2,1,1,1,3,1,,2,3,1,2,,1,,,,1,1,2,,3,,3,1,1,,,2,1,,1,1,,1,,1,1,
801,,,,2,,1,4,,1,1,,1,1,1,2,3,1,1,,,,1,3,,1,,1,1,4,1,1,,2,,1,2,1,
802,,2,2,,,3,1,1,,1,,1,3,,3,2,2,,1,,2,2,,2,3,2,1,,,,,,3,,,,,1
803,1,1,,,1,1,1,2,1,2,2,1,,1,1,2,,1,2,1,,1,1,1,1,1,,2,,1,,2,2,,1,3,,1
804,,,,1,2,1,4,1,4,,2,,,,,1,,,2,3,1,,2,1,3,1,,2,,1,2,,1,1,1,,,1
805,,2,,1,1,,1,,,1,3,1,,1,1,1,3,1,2,1,2,,1,,2,,,,1,1,1,,3,4,1,1,1,
806,4,1,4,1,1,,2,,1,,1,,1,4,,1,2,1,1,,,2,,,,,,,,3,1,,1,2,2,,,2
807,,1,,1,2,,,3,1,,1,,1,1,1,2,,,2,,,2,2,,2,1,4,,,3,1,1,,2,,2,1,1
808,1,1,,,2,,1,,,1,,,1,1,2,3,,,2,,2,,,,1,2,1,2,2,3,,2,2,1,1,2,1,1
809,,1,1,,1,1,2,,2,2,,,1,1,,1,1,,2,,1,3,,3,1,,1,1,,1,1,3,1,,3,,1,2
810,,,2,2,2,1,,1,1,,2,1,,,3,1,2,2,1,1,,1,,,1,,1,1,1,1,,3,2,,3,1,1,
811,,3,1,1,3,1,,3,,1,,,,,3,1,,2,4,1,2,2,,2,1,1,1,2,1,,1,,,,1,,,
812,,,1,1,2,,1,,3,1,1,1,1,,3,1,1,1,,1,1,1,1,1,,3,1,3,1,1,1,1,,,,3,,1
813,,,1,,3,,1,1,2,2,,,2,1,2,,1,,1,1,,1,,,3,2,,1,,2,2,1,3,1,1,1,1,1
814,2,1,1,1,,,2,1,,1,1,1,1,2,1,,,1,2,2,,3,,2,,2,2,,1,,1,1,1,,1,1,2,1
815,1,1,,1,1,,3,,1,1,1,1,,1,,1,1,2,5,4,,,1,,,1,2,1,,1,1,1,1,1,1,,2,
816,2,,1,1,1,3,1,,1,2,,1,1,,1,1,1,,2,2,1,2,2,,2,,,,,,1,,2,3,1,,1,2
817,1,1,1,1,,1,1,2,2,1,,2,2,1,2,2,,,1,,1,1,1,,1,,1,,,1,,2,3,2,,,2,2
818,2,1,1,,,,,1,1,2,1,3,1,1,3,,1,1,2,1,1,2,3,,2,,,1,,,1,1,1,1,1,,,2
819,,1,,,1,,,1,,2,1,1,1,1,1,6,1,2,1,,1,2,,,,5,,,2,2,,1,,,1,1,2,1
820,1,1,1,1,2,,1,,1,,,2,1,1,,2,,1,4,2,1,1,2,,,1,2,1,2,1,,1,1,,,3,,1
821,2,,2,1,,3,,,,2,,1,,1,,2,,2,2,2,,1,,3,2,,1,,,,,2,2,1,,1,3,2
822,1,1,1,1,,1,,2,2,1,1,1,2,,,,1,,,2,3,2,1,2,2,1,1,,1,1,2,2,,,2,,,1
823,1,1,,,,2,1,1,,1,2,2,,,1,,3,,,1,,1,2,,1,1,,1,1,3,2,1,1,2,1,1,4,
824,4,1,,2,,1,,,,1,3,1,2,2,3,1,,,2,,,1,,1,2,2,2,1,1,,1,,,,1,3,,
825,2,1,3,1,1,1,,1,1,,1,1,2,2,,3,,1,,4,,,,1,1,,1,,2,,3,,,1,,1,1,2
826,1,1,,,1,2,,,1,,,2,2,,1,2,2,1,3,,1,,2,,1,1,3,,,1,1,1,1,2,3,1,,1
827,,,1,2,1,1,1,,,,,1,1,1,,1,1,,1,1,1,,3,4,4,,,2,1,,,,,1,,2,5,2
828,1,,,,2,1,,3,2,,,,,1,,1,,3,2,,2,,2,1,,4,1,,1,2,3,1,,1,,1,1,2
829,1,,,1,,1,1,1,1,3,,3,1,4,,,,1,1,,1,,,2,2,,2,1,3,1,1,,,,1,2,1,2
830,,,1,3,2,1,,1,,,2,,,,,2,,2,3,1,1,2,2,2,1,3,1,1,1,1,3,,,,2,,,
831,,,1,1,1,2,1,1,2,2,1,3,1,1,1,,1,,1,1,,1,,2,1,2,2,,,,,1,1,,2,2,2,1
832,,1,,4,,1,,2,1,,1,1,,1,2,,,1,,3,,1,1,3,,,,,2,2,2,1,3,1,1,1,1,1
833,1,3,,4,1,,,1,3,2,,,,2,,1,3,2,,,2,1,1,2,2,,1,,1,,,,1,,2,,2,
834,1,2,2,1,,2,,,2,,2,2,,1,,2,2,2,,1,,1,1,2,,,2,,1,,2,1,,,2,,1,3
835,,1,1,,1,,1,,,,1,2,,,1,,,1,4,,,2,3,,,2,,1,3,2,3,,3,,1,5,,
836,,3,,1,2,1,,1,1,1,,1,1,1,1,1,,,1,1,3,,,,2,2,1,,1,,1,2,,1,2,3,2,1
837,6,1,1,1,,2,1,2,2,1,,,1,1,1,,1,1,,,1,3,1,2,2,,,,,2,1,1,,,1,2,,
838,,2,,,1,,2,,,1,1,1,1,,1,,2,3,2,,1,,,2,,,2,3,2,1,3,1,1,1,1,1,1,1
839,2,,2,,2,1,1,,,1,1,1,3,1,2,2,1,,,,1,,1,,1,3,1,1,,,,,1,1,2,4,,2
840,2,1,2,,2,2,,1,3,1,2,,2,1,1,1,,,1,3,,,,1,1,,,3,,1,2,,,1,,3,,1
841,1,,1,1,,1,,3,1,1,2,1,2,1,,1,2,,1,,1,1,1,,3,1,3,1,,,1,2,,1,2,1,,1
842,2,1,1,,1,2,2,1,1,,3,1,1,1,,4,,,2,1,1,,1,1,,2,,,,,1,1,,1,3,2,1,
843,,,1,,1,1,,,1,2,2,2,1,,,2,3,3,2,2,,3,,,4,2,,,,1,,,,1,2,2,,
844,,2,,1,,1,1,,2,1,1,1,,1,1,,1,2,1,1,1,,1,,2,1,,,1,,1,5,1,3,1,1,,3
845,2,4,2,,2,,1,,,3,1,1,1,,,1,,1,,,,1,1,,2,5,2,1,1,,1,1,,,2,,,2
846,1,5,2,1,,1,1,,,3,,2,,2,1,,4,,2,,,3,1,1,,,1,,1,,1,2,,1,1,,,1
847,1,1,1,,1,,1,,1,,1,,,,2,1,,2,1,1,3,,,1,2,3,2,,,2,2,,,2,,3,2,2
848,2,,2,,1,5,1,,1,2,,1,1,,1,2,,2,,1,1,2,1,,1,,,,,1,2,,1,2,1,2,1,1
849,1,3,,1,1,1,1,,,1,2,,3,,1,,1,,,1,1,2,1,1,4,,,1,2,,2,1,2,1,1,,1,1
850,1,2,,1,1,1,2,2,1,,1,,,,2,,,3,1,2,5,,1,1,,,1,2,1,,1,2,,1,,,2,1
851,1,2,,,,1,3,4,1,,2,2,2,,1,,1,,1,,1,1,1,,1,1,1,1,1,1,2,1,,,2,1,1,1
852,,2,,,,1,1,,,,,1,,2,1,1,,2,1,2,2,1,1,,,,4,1,3,,1,,2,1,,2,3,3
853,1,,,1,2,1,1,,1,1,1,2,1,1,2,1,,,2,,,,1,1,1,1,4,1,1,2,1,2,,,2,,,3
854,,1,,2,,1,3,1,3,1,1,,,,1,1,,2,1,1,1,2,,4,3,,1,1,1,,,1,2,,1,1,1,
855,,,1,3,1,1,1,1,4,1,,1,2,1,,,1,1,1,,1,2,,,2,2,2,2,1,1,1,1,,1,,,2,
856,1,2,1,1,1,,,,,,1,1,,2,1,1,1,4,2,3,,2,,2,3,1,,1,2,,1,,,,1,,2,1
857,2,,1,3,3,2,,1,1,2,,,,,2,1,2,,1,,1,,1,3,,2,,1,2,,,,,3,2,,1,1
858,1,,,2,1,,1,3,1,1,1,4,1,,,,,2,,,,1,,1,1,1,,3,,4,1,1,,4,1,,2,
859,,2,1,2,1,1,,1,1,,2,,1,,,1,1,1,2,1,1,,1,1,,1,,1,1,3,3,1,,3,1,,1,2
860,2,,2,,1,,1,2,,,,1,2,1,4,1,,1,1,,2,1,4,,1,,1,,2,1,,,,1,2,2,,2
861,,,2,2,1,,2,,1,3,,1,,,2,,1,2,1,1,,1,1,,,1,1,1,,1,2,3,2,3,2,,,1
862,2,1,3,1,,,1,1,,,,2,2,,2,,2,,2,1,3,,1,2,,,1,1,,,1,,,2,1,1,2,3
863,2,1,,,2,2,,,2,,2,,,,1,,2,2,1,,1,,2,2,3,2,1,,1,1,3,,2,1,,1,1,
864,1,,1,2,3,,1,1,1,,,1,2,,,,,1,,6,,1,2,,1,1,,3,,1,1,,2,,3,1,1,1
865,3,2,,,3,,,1,,1,,1,1,1,,1,,1,1,1,,1,,,,2,2,,3,1,4,1,2,3,,1,,1
866,1,2,2,,,2,3,,1,,,3,1,1,2,1,,,,,,1,2,,4,1,,1,,,,1,2,2,,1,2,2
867,,2,1,,1,,2,2,1,,2,1,1,1,1,,1,1,,,1,2,3,,,1,3,,1,,2,1,,1,1,3,1,1
868,,3,1,1,,,2,1,,1,5,2,2,1,2,1,,,,1,,,1,1,4,1,1,,,,,1,1,1,1,1,1,1
869,1,1,2,2,1,1,2,2,,,,2,3,,1,3,1,1,1,,,,2,1,,1,,1,2,,2,,3,,,,1,1
870,1,2,1,,,1,1,1,1,,,1,2,,1,1,1,2,1,,,1,,,1,1,,1,2,2,3,1,1,3,2,2,,1
871,1,2,1,,2,2,2,2,1,1,1,,,,2,2,3,,,1,,1,1,1,,1,1,3,,,,1,1,,1,1,2,1
872,1,2,2,1,,2,,4,2,3,2,,,2,,1,,2,1,,,1,1,,2,1,1,,,1,1,,1,1,1,1,1,
873,2,1,1,,,1,,2,1,2,,1,1,,2,,,3,,3,2,2,1,,1,1,1,1,1,1,1,1,1,2,,,2,
874,1,,3,,1,,1,,1,,2,1,1,1,1,,1,1,2,2,2,1,2,,,2,2,,2,,2,1,1,,2,,1,1
875,,,,,1,1,2,1,3,,1,,1,1,1,1,4,,,2,,1,,2,1,2,1,,1,2,1,,2,3,2,,1,
876,1,,2,3,1,1,,,1,,1,,1,2,1,,,1,1,1,2,1,1,,1,1,3,2,3,3,,,1,1,1,,,1
877,,1,1,1,,1,,2,,1,,,,1,1,2,,2,1,1,2,2,2,1,1,,4,1,,1,2,1,,,1,1,1,3
878,,2,,1,2,1,2,1,2,1,2,,3,1,,,2,2,,1,,,2,1,,,,1,,,,3,1,1,1,,3,2
879,1,,1,,2,1,,2,1,3,,1,1,,2,1,,,2,2,,,1,4,,,1,1,,1,1,1,,1,4,,1,2
880,,1,2,1,1,,,,,1,,1,2,1,,,1,3,2,1,1,1,,1,3,,,,2,1,2,5,,,2,,1,2
881,3,4,2,1,,1,1,1,1,2,,1,1,,,1,,,4,,1,1,1,1,,1,1,,,1,2,1,1,1,,,1,2
882,2,2,2,1,,,1,,,1,,,1,1,1,1,,2,1,3,1,,3,,1,1,3,,,2,,1,,,2,3,,2
883,1,2,,2,1,,1,2,2,1,2,,,2,,2,,1,1,1,1,2,2,,,,2,,,1,2,3,2,2,,,,
884,2,2,1,2,,1,,1,3,,1,1,,,1,3,,1,,1,,,1,2,1,1,2,1,1,2,2,,1,1,1,2,,
885,2,1,1,,1,1,1,,2,,1,1,1,1,1,3,3,1,1,4,2,2,1,1,,1,,,,,,,2,2,1,,,
886,,2,2,1,4,2,1,,1,2,,3,,1,2,2,,,1,2,,,3,,1,,1,1,,,1,,,,,2,1,2
887,2,,1,,,2,1,1,2,,,2,,3,1,2,1,,,1,1,1,,1,1,,1,1,1,1,,1,1,2,,,3,4
888,,,3,,1,1,1,1,,4,2,1,,2,2,,,,1,1,1,,1,3,2,1,,,2,,,,1,,3,3,,1
889,,2,,,1,1,1,2,2,1,,2,1,,,,1,1,1,,,3,,3,,1,2,2,2,,1,2,,,2,2,1,1
890,,,,,,2,1,2,3,,1,2,1,,2,2,1,,2,1,,3,,,2,1,,2,2,2,1,2,,2,1,,,
891,1,1,1,,3,1,2,,1,,,2,2,5,1,2,1,,1,,2,1,,4,1,1,1,,1,,,1,1,,1,,,
892,3,1,1,1,1,1,,,1,,1,2,,1,,1,1,1,,2,1,2,1,,1,,2,,1,,2,2,2,2,,1,2,1
893,,,1,1,2,1,,,,2,,1,2,1,,,3,2,1,2,,4,2,1,1,2,2,,,1,1,,,3,,2,,
894,1,1,2,,,1,,,1,4,1,1,1,2,1,1,1,,,2,1,1,,2,3,2,,1,,1,1,1,2,,2,,1,
895,1,,,,,1,1,2,1,1,,1,,1,4,,2,,,1,2,2,,2,2,1,,1,1,,3,2,1,,2,,3,
896,2,1,,,1,2,1,3,1,,1,,1,1,3,1,3,,,1,,3,2,2,,1,,,,,,,,1,,1,3,3
897,,,,,3,2,1,,3,1,1,2,2,2,1,1,2,,3,,,1,,1,,,1,2,2,,1,1,1,,3,,1,
898,2,,,1,,,1,,1,3,,,,,2,5,1,,3,1,1,,1,2,,2,1,1,,2,1,,1,2,,1,2,1
899,2,,1,,2,2,2,,3,1,2,1,2,,1,1,1,2,1,1,,,2,,1,,1,,,3,1,1,,,1,2,1,
900,2,2,1,,,1,1,,1,,1,,2,1,1,,1,,1,1,,1,2,1,4,,2,2,1,,,,3,2,2,1,1,
901,1,,1,1,1,3,1,1,1,1,,2,,,2,,2,1,2,,,3,,1,1,,2,,2,2,1,,,,1,3,1,1
902,,1,,1,2,1,,1,2,2,2,,1,1,1,1,1,2,2,,4,,1,,2,,,,2,1,1,,2,,,3,,1
903,,1,,1,,1,2,1,,1,1,1,,,1,,1,,,1,,1,1,1,2,2,,,2,2,3,2,1,3,2,,,4
904,,4,1,1,1,1,1,2,,1,1,,,2,2,,,2,,,1,,1,1,1,1,2,1,2,2,,,2,1,2,1,,1
905,1,2,,,3,1,,1,,,1,1,2,2,,,1,1,1,,3,1,1,,,1,2,1,1,2,2,,2,2,,1,,2
906,,,,1,,,,,2,2,1,1,2,2,1,1,,1,,,3,2,2,1,2,,,1,1,2,2,1,1,2,2,,,2
907,,,,,,,1,1,1,5,3,,1,1,1,1,1,,1,2,1,2,,,3,2,,1,,,,,2,1,2,3,1,1
908,2,1,,2,2,,2,2,,1,2,2,1,1,,,,1,2,1,1,,1,2,,1,1,,1,1,2,1,,3,,,1,1
909,1,1,1,,2,1,2,,2,,1,,2,2,,1,,,2,2,1,1,1,4,1,2,1,1,1,,,,1,2,,,1,1
910,,,,2,1,1,,,1,1,,,1,1,2,1,4,3,,2,,1,3,1,1,1,1,1,1,1,,1,1,1,,3,,1
911,3,3,2,,,,2,3,1,2,1,1,,1,1,,,1,,1,,,,1,3,1,1,3,2,1,,,,,2,1,,1
912,3,2,1,1,1,2,,1,1,,,1,1,4,1,1,3,1,,1,2,,,,1,,2,1,1,,,1,,,1,,3,1
913,1,2,,1,,1,1,1,,,1,,2,,2,1,1,3,1,1,,2,1,2,1,2,,2,2,1,1,,1,,2,1,,1
914,,1,1,,,2,,1,1,,2,1,1,,,1,4,,2,1,2,,1,,2,2,1,,,,2,1,,2,1,2,2,2
915,1,1,2,1,1,,2,1,2,2,1,,,1,1,1,2,,,1,2,2,1,,1,1,,1,1,,,3,1,2,,,,3
916,,1,1,2,,1,,1,,1,2,2,,,1,,,,1,1,1,2,1,,1,,,2,2,1,1,2,4,2,1,1,1,2
917,2,2,2,1,,1,,,2,,2,,1,,,,1,1,2,,1,1,2,3,2,1,,2,1,1,,1,2,,2,,2,
918,1,,3,2,1,1,1,2,2,1,1,1,2,2,1,,,,1,2,,,3,,1,,,,,,1,1,1,2,1,2,1,1
919,2,1,,1,,,3,1,2,1,1,1,,2,2,,1,2,1,1,3,,,,,1,,1,,1,1,5,2,1,,,1,
920,2,,1,2,,2,3,,1,1,1,2,1,2,2,,1,,,1,1,2,1,,,1,3,,,1,,2,2,2,1,,,
921,2,,1,,1,1,,1,1,3,2,,,1,,1,1,1,3,2,1,1,,1,3,1,,1,3,,,1,1,,1,,1,2
922,2,2,,2,1,2,1,1,3,2,,,,,2,,1,,,2,,2,,,1,1,1,1,,1,2,1,2,,3,,1,1
923,1,1,,1,,1,1,2,1,,,,2,1,1,2,1,2,1,1,1,2,1,1,2,1,1,1,,2,2,,,1,1,1,1,1
924,,2,2,1,3,1,,4,1,,,,,,,,,2,2,4,2,,,,1,3,2,1,,1,1,2,,,2,1,,
925,,,1,3,,1,,1,,2,2,3,2,4,,1,,1,2,,1,,,1,1,3,,1,,1,2,1,1,2,,,1,
926,2,2,1,1,1,,1,,1,2,1,2,,4,,,,,1,2,3,1,,1,1,1,1,2,1,,,1,2,1,1,1,,
927,1,,,3,1,1,1,,1,,,,,1,1,2,2,1,2,,1,,,2,,2,,2,1,4,1,,2,,2,,1,3
928,,1,,2,1,,2,1,1,1,2,2,1,3,,,,,1,1,,1,,,3,,1,4,,1,2,,1,2,2,2,,
929,1,,1,1,,1,2,5,1,2,,,1,2,,1,2,1,2,,1,1,1,1,1,,,2,,1,,1,1,,2,1,1,1
930,1,,3,2,,,1,2,,1,2,,2,,,3,,1,1,1,,,,3,2,2,,,,1,2,,1,1,,,3,3
931,1,5,,,2,1,1,,1,,2,,2,1,,1,,2,,,2,,2,,2,,1,2,1,,1,1,,4,2,1,,
932,2,2,1,1,1,1,,2,,,,1,1,1,,,1,,2,2,,1,3,1,1,,1,2,1,1,2,,1,1,,1,1,3
933,,1,2,,4,,,1,2,,3,,,,,,,3,1,,4,,,1,,,3,1,3,2,2,1,,,3,,,1
934,1,2,3,1,,,,,,2,1,1,,1,1,,2,1,1,2,1,3,,1,,3,1,,,1,3,,,,2,,3,1
935,,,2,,1,2,1,1,1,,1,2,2,3,,1,2,,,,1,1,,1,,1,2,1,,4,1,2,1,1,1,1,1,
936,,1,1,2,1,,1,,1,3,1,5,1,1,2,,1,4,,,,,,,1,3,1,,,2,1,,1,1,,2,1,
937,3,1,2,1,,2,2,1,1,,1,,3,3,1,,,2,,,1,,,2,,,2,,,,1,,,2,2,1,1,3
938,2,1,2,1,,2,1,1,,1,,1,,1,,1,,2,1,2,1,,1,,1,1,1,1,1,,4,2,,2,,1,1,2
939,1,,,,2,,2,3,,,2,2,1,1,,1,2,,1,,2,2,2,,1,,3,1,3,2,,,2,,,,2,
940,1,,1,1,,1,1,,1,,1,,2,1,,,1,,1,2,,,,3,2,3,1,2,2,2,3,2,,,,1,1,2
941,,1,1,,3,2,,,2,,1,,1,2,,,,1,2,2,,1,,,1,1,1,1,2,1,2,1,2,2,2,2,1,
942,1,,2,,3,1,3,,1,2,,2,,1,1,2,2,3,,1,1,1,1,3,,1,,,,,,,2,,1,2,,1
943,,1,,1,1,1,3,,1,1,,,2,,1,1,,2,1,,2,,1,2,1,1,1,2,2,,2,2,,2,1,2,,1
944,2,2,,1,2,,1,,,2,2,1,,1,1,1,,1,1,,2,4,,1,,2,,1,2,,,2,1,1,2,,1,1
945,,,1,,1,3,,1,,1,1,2,1,,2,,,4,,1,1,,,,1,3,,1,,2,2,1,2,2,2,2,,1
946,,,,2,2,2,2,,2,,2,1,,,2,,1,,1,2,,1,,1,1,2,2,,1,2,,1,,1,2,4,1,
947,2,1,2,,,,1,3,1,,,,1,1,,,,2,2,1,1,1,3,,2,,1,1,1,1,1,,3,1,1,,4,
948,1,1,1,4,3,1,1,2,1,1,,,,,1,1,1,,2,1,2,2,1,,,2,,1,1,,1,3,,,1,1,1,
949,1,,1,,2,1,1,,1,1,1,2,,,2,1,2,,,1,1,2,,2,3,1,2,1,3,,,1,,1,1,2,1,
950,,3,2,2,1,1,2,3,,,,,,,,1,1,,,2,2,5,2,1,1,1,1,,1,,,2,1,,1,1,1,
951,2,2,,3,2,,,1,1,,,,1,,,3,3,1,4,,,1,2,2,1,1,1,,,1,1,1,,,2,2,,
952,3,2,,1,1,1,,2,2,1,,1,1,,,,,,1,,2,,1,,5,1,2,1,1,3,1,,1,,,,3,1
953,,,4,,3,1,,,,,,1,1,2,2,1,2,,1,1,2,1,1,2,,1,2,1,,1,2,,3,1,,,2,
954,1,1,,1,,,3,1,2,1,2,2,3,,1,,1,,3,1,3,1,,,1,1,,,1,,2,,1,,2,1,1,1
955,1,,1,2,,1,3,,,2,,3,1,1,1,1,,1,,,,3,1,1,,2,1,,2,1,2,,2,1,,1,2,1
956,,1,2,1,2,,,1,3,2,1,1,1,1,2,3,,,4,2,,,,,1,,1,,,2,1,1,1,1,1,,2,
957,1,1,1,1,1,2,,1,1,,1,,1,,2,,1,,2,2,,3,3,1,,,4,,1,2,,1,,1,2,1,,1
958,2,,,,2,2,1,1,1,1,,1,2,1,,,,,1,1,,2,2,,1,2,2,4,,1,,2,1,,1,,2,2
959,1,1,1,3,1,,1,,,,1,4,,,3,2,1,1,1,,,,2,2,1,2,,1,,1,1,,2,3,1,,,1
960,3,2,2,1,2,,,2,,,1,1,,2,,1,,1,,,2,2,2,1,,2,,,1,2,1,1,,1,2,2,1,
961,1,,1,2,,1,1,,,,,1,1,3,,1,,3,2,1,,1,1,2,,2,1,1,,1,1,1,3,2,1,,2,1
962,2,,2,2,,,,,1,,,,1,,2,2,2,1,,,,,2,,2,2,2,,2,2,2,1,1,,3,1,1,2
963,,1,,,1,2,,,1,1,,2,2,,,,2,2,,,3,3,1,1,2,1,,,,,2,3,,2,1,1,1,3
964,2,1,,1,1,2,2,2,,1,1,1,2,1,1,1,,1,,2,1,2,1,2,,1,1,1,3,,,,1,,,1,1,1
965,,,,,,3,1,,1,1,3,1,3,3,1,,1,3,1,,3,2,1,1,1,1,1,1,,,2,1,,,1,,1,
966,,1,,,,1,,,,1,3,,2,2,,3,2,1,1,1,2,3,2,,1,1,,,,1,3,,1,1,1,2,,2
967,,1,,1,4,2,1,,,,2,2,,1,,,,1,1,1,,1,,,2,2,2,,1,4,1,1,2,1,3,,,1
968,,1,2,3,,,1,,3,1,,,1,1,2,1,3,1,1,1,,2,,2,,,3,,2,,,1,2,2,2,,,
969,1,1,,2,3,2,,2,1,1,1,1,,1,2,1,1,,,1,3,2,,2,1,,1,,1,1,1,,1,3,1,,,
970,1,,1,,2,1,1,1,,1,1,1,2,,,2,1,,,,1,1,1,1,,2,2,,3,1,2,,,1,4,3,,1
971,1,,1,1,2,,,1,,,3,,2,,1,2,,3,,2,2,2,1,,,2,1,1,,1,,1,1,,2,2,,3
972,,1,2,,1,1,,1,2,2,1,2,,2,,2,1,,1,1,,1,2,,,,2,2,1,2,1,2,1,2,1,,,1
973,1,3,1,,,1,1,1,2,1,1,2,1,1,,2,1,3,3,,1,,1,,3,2,,1,1,,1,1,,,1,1,,
974,1,,,1,3,1,,,1,2,,,,4,1,1,1,3,,2,2,1,1,,,1,1,1,1,,1,1,,1,3,1,2,
975,,,2,1,,,,1,1,1,,3,1,2,1,,,1,,4,2,,,1,,3,3,,1,2,,,3,,1,,1,3
976,1,,1,1,,2,1,1,1,,,2,2,,,,,2,2,,5,,,1,2,,,2,2,1,4,1,1,2,1,,,
977,1,,2,2,2,,3,3,,1,,,1,2,1,1,,1,1,1,1,1,,1,1,,,1,1,,1,1,2,,2,,,4
978,1,1,2,,1,1,3,1,1,1,2,,2,,1,1,,,2,1,,3,1,2,,1,,2,1,,,,3,,1,1,1,1
979,1,1,,,1,3,1,,,,,1,,1,3,1,2,,1,1,,3,1,,1,1,,2,1,3,,,1,2,1,1,3,1
980,1,3,,3,,1,,,1,1,2,,1,1,3,3,1,1,1,2,,1,,1,1,2,1,,2,2,,1,,1,1,,,
981,1,1,,,,,,2,,1,,4,2,,,1,,2,,1,2,1,2,1,2,,,2,,2,,,2,1,1,5,2,
982,2,2,,1,1,,1,,1,1,,,1,,1,,,1,1,4,1,2,2,,1,1,2,2,2,1,1,1,,2,1,1,1,
983,2,2,1,,2,,,1,,1,4,3,,2,1,,,1,2,2,,,1,1,1,1,,2,1,1,2,,,1,1,2,,
984,,2,,1,1,,1,,1,2,1,2,,1,2,,1,1,,,,,,,1,1,1,1,1,,2,,,4,3,,2,6
985,,,6,,,,1,1,,1,1,1,1,,,1,,1,2,,3,,1,,,5,2,,1,1,,,3,1,,1,1,3
986,,1,1,1,1,,1,1,,,1,1,1,1,1,2,3,2,2,1,,1,,,1,,1,1,2,,,2,1,1,2,2,3,
987,4,1,2,4,,1,,1,2,,,1,1,,1,,2,,1,1,2,2,,1,,,,2,1,,1,,,,1,1,2,3
988,2,1,,,,3,1,2,1,2,2,,,2,2,,,1,1,,1,1,2,2,,1,1,2,,,,1,2,1,2,,1,1
989,2,,1,1,4,2,2,,,1,,,1,,1,,1,2,2,,,1,2,,,3,1,,2,3,,,,4,1,,,1
990,1,1,3,,,1,2,1,4,,1,,1,3,,3,,,1,,2,,1,,1,1,,,2,,1,,1,,3,,3,1
991,,,1,,2,,1,2,1,2,1,,3,,1,1,1,1,3,,,1,1,,3,3,1,1,1,,1,1,3,,1,,1,
992,1,2,1,2,,,1,,,3,2,,2,,2,1,,1,1,1,3,,2,,2,1,2,1,3,,2,1,,1,,,,
993,1,3,1,1,1,1,1,1,3,,1,,1,,,,,2,2,1,1,1,2,,1,,3,,1,2,2,1,1,,1,2,,
994,2,,1,1,1,1,,2,1,2,,2,3,1,1,1,1,,1,,1,1,1,,1,2,,3,,,3,1,1,1,1,,1,
995,1,1,1,,1,2,4,2,,2,2,1,1,1,,1,2,1,,,,,1,,,,2,,,3,2,,1,1,2,2,1,
996,3,1,,2,1,1,1,2,2,,,,1,1,1,,1,,,,,1,,,,1,2,,5,3,,1,2,,2,4,,
997,3,1,2,2,1,1,1,,1,,,,2,,1,,1,1,1,,3,1,,,2,1,1,3,3,,,2,1,,2,,1,
998,,2,,,1,2,1,2,1,2,1,1,3,,2,1,2,,,2,,2,1,,3,,1,1,1,1,,,,2,1,,,2
999,2,1,,1,1,1,2,2,3,1,,3,,2,,2,1,,1,,,2,1,,1,,1,,2,2,3,,,,,,1,2
1000,1,,,1,1,2,1,2,,3,1,3,1,,1,2,,,1,,1,,1,,,1,,,2,2,2,,2,1,2,1,1,2
